id_articulo,rut_autor,correo_contacto,userid_contacto,password_contacto
00019,14831800K,nayarethcancino@example.org,gabriel1483,0x2e753011fad147119ff4f09be23880b4
00020,263039130,cpulgar@example.com,alicia2630,0xa8ede3f50f0b4e99a54bf7f2fa600daf
00021,605095097,umaturana@example.org,guido6050,0xb71e1eaf8d4e4c0e8b176f3d0f535e47
00022,545380072,ouribe@example.org,raúl5453,0x98593052312f4607a78c10f7ceacfc94
00023,894543477,kcisternas@example.com,josé8945,0xdd0b465ec0824262934ed4c80924fe52
00024,544341413,ogonzalez@example.net,cristóbal5443,0xa60b98da701046b393e143ef406f8d73
00025,894543477,kcisternas@example.com,josé8945,0x735181766a91488dbc588b004be57349
00026,30894235,osvaldo17@example.org,elizabeth3089,0xb16e5dd50eb342a4adf445505751c742
00027,63569338K,marquezpaola@example.org,matilde6356,0x86f54e36a689419da925c5ea16172070
00028,356494059,natalia51@example.com,juan3564,0x4618051b244e43cb83c384e91725c25b
00029,247812792,snavarro@example.net,marcela2478,0x2947454088a3493da0a3544333fb41a7
00030,281626892,cristobal00@example.org,nolberto2816,0x1bc0ce522b9b4f84b33fb95220fedd46
00031,965699163,rcartes@example.com,ámbar9656,0x9f8683751b534c43aa3571047dd950e8
00032,429852927,isuazo@example.net,manuel4298,0x52aa851f499741488cec4a1b736dc00e
00033,206653760,baezamaria@example.net,juan2066,0xb1653721e54241f8a78d6cb504fa3114
00034,247812792,snavarro@example.net,marcela2478,0xab5a76bf91894d21af2c47e25f309607
00035,915611370,rcortes@example.org,felipe9156,0x46d09f7ee59544f39faa8f0a708db358
00036,841340957,sebastian79@example.com,pamela8413,0x4d7bda02ab2747f29c61f801fb46fe8b
00037,276553070,dcanales@example.org,laura2765,0x41087d9ab6184fa2901f4f5a67c845b8
00038,14831800K,nayarethcancino@example.org,gabriel1483,0xb297ddb3be944f3b87c175bee67836c7
00039,651389399,reyesfrancisca@example.org,juan6513,0x06e569576d944cfda2be2f1fef28fa5b
00040,820751817,mgonzalez@example.com,luis8207,0x1344dba5b01947a78ea19217eddda18d
00041,483805144,cvalencia@example.net,antonia4838,0x2781d7a5829043beb5a294653e6a69c6
00042,535380759,abnerhernandez@example.org,benedicto5353,0x736b83aa762b4495959a872313c55e7f
00043,545380072,ouribe@example.org,raúl5453,0x150e45623c744d738c3550b2ffa44f6f
00044,40280022,danielserrano@example.com,josé4028,0x193a6b41b2f24b9e833f24d425b6a628
00045,281626892,cristobal00@example.org,nolberto2816,0xcdc3c6e6514b4250b5fb88a1403c173e
00046,263039130,cpulgar@example.com,alicia2630,0xcf0d2f6131fa4c8789da9148794b46a5
00047,544341413,ogonzalez@example.net,cristóbal5443,0x507d135a8167459da41cb0a5a40d5562
00048,337249019,cespinoza@example.org,miguel3372,0x5b30f8e9eb454cd9848795d2c331489c
00049,62127144K,robertmora@example.com,sandra6212,0xdaf35470854d46739c3a346fd2c4e457
00050,62127144K,robertmora@example.com,sandra6212,0x34394e0db8af4836997665ead15f1471
00051,429852927,isuazo@example.net,manuel4298,0xb09b8aada1c24c5a9970c63f59e434f5
00052,40280022,danielserrano@example.com,josé4028,0x2ae038a3bde949899debea7c03dca16f
00053,4192060,zambranoangel@example.com,luciano4192,0x92887c095a904acdb52c7a416adb7f35
00054,88072794K,riquelmemartin@example.net,santiago8807,0x6f28cd91c09b4757bc58ccbc843f8a97
00055,44991130K,fresia48@example.org,sergio4499,0x88b4b212129649b4972397a0a56f26d2
00056,356494059,natalia51@example.com,juan3564,0xec2e9ff0757d4be0886d86e0b1b4f7d4
00057,544341413,ogonzalez@example.net,cristóbal5443,0xe4afb92c234b4fd3aa3bd46cf3f1a004
00058,4192060,zambranoangel@example.com,luciano4192,0x1a0d03e805d649ff9489d13cfb5a9ae4
00059,40280022,danielserrano@example.com,josé4028,0x6bf3921a2b1240dcbbb84bd871ea23f1
00060,677491922,psanchez@example.org,luz6774,0x4dc3270f10954a9a8e79c9b17dd945c2
00061,554810845,luisalarcon@example.net,fabiola5548,0xd508f9a34694430cb07c8b92b94707a0
00062,30894235,osvaldo17@example.org,elizabeth3089,0xca0ce893ebe34afaa10c023aee235f9f
00063,545380072,ouribe@example.org,raúl5453,0x993b12555f4846a589c49350bd984df0
00064,545380072,ouribe@example.org,raúl5453,0x2216833c016746fe8f3b4e152eb5c70e
00065,820751817,mgonzalez@example.com,luis8207,0xf14648047c7342b5ad1bbc05e728431a
00066,554810845,luisalarcon@example.net,fabiola5548,0xc462a6a1d1fe48ba8071b2a5accac521
00067,651389399,reyesfrancisca@example.org,juan6513,0x4856618129f64a01849526b8c9f1623f
00068,474597954,lazojuan@example.net,alfonso4745,0x3f380b47e9154dfa8c5c58faa663d060
00069,784035131,javier38@example.net,emily7840,0x62397bb25e2f44cdb0f75f16f46c450b
00070,58335994K,liliana77@example.net,agustina5833,0x245f2467b1714370b58e8352fbe35320
00071,281626892,cristobal00@example.org,nolberto2816,0x306e40d95da843e1bfbfc0cd73a4a210
00072,411682706,luisgomez@example.net,tomás4116,0x7cefa3e1bf47406899c10b9f77da7fd5
00073,544341413,ogonzalez@example.net,cristóbal5443,0x293a70875d9f47deb43c2d3e48b235e4
00074,429852927,isuazo@example.net,manuel4298,0x287bb5488f7943acb2993a48c563b4e1
00075,544341413,ogonzalez@example.net,cristóbal5443,0xaf0a158e561448b7af7d9a0c85dad20b
00076,429852927,isuazo@example.net,manuel4298,0x8dfbcc55b4f2441e80e700e056b095bd
00077,412484177,oyarzunjose@example.com,paulino4124,0x821746338917411e93c276dc45fc2976
00078,965699163,rcartes@example.com,ámbar9656,0x5d06f77bf5f04c24a4a1ff3375a8d46d
00079,554810845,luisalarcon@example.net,fabiola5548,0x2c4f857c121948349c71004c54405c76
00080,651389399,reyesfrancisca@example.org,juan6513,0xdd6aca80a71a42ea9bd3760b2a934d07
00081,276274759,sandra13@example.org,carolina2762,0xdbc2fa7295d04672afe132313847ee3e
00082,337249019,cespinoza@example.org,miguel3372,0xeb69e7a73bfc469c80e8f8f33906f93d
00083,677491922,psanchez@example.org,luz6774,0x37bdf48b465b4b4e9224400f75b12e5c
00084,45442638K,sormeno@example.com,santiago4544,0xa4893ce7c66c440c8bcc6d8884f5de28
00085,784035131,javier38@example.net,emily7840,0xcb6312a55e784089a174d884a2640e14
00086,63569338K,marquezpaola@example.org,matilde6356,0x4308bc725595487e9bd2cb38a821fbf9
00087,81776309K,bobadillavalentina@example.com,julio8177,0x17dc3e6b0df344b99dbab89deb3f2cb9
00088,63569338K,marquezpaola@example.org,matilde6356,0xd5a2f48e7c5245de825cc367bd1e5859
00089,411682706,luisgomez@example.net,tomás4116,0x8a9c2907a04940119637217e1aa30333
00090,908045521,cordovajacqueline@example.com,violeta9080,0xff8edb6a88e44d779727845fd7333434
00091,30894235,osvaldo17@example.org,elizabeth3089,0x744280538a0c47f08e868a44c849969c
00092,247812792,snavarro@example.net,marcela2478,0x8742a69f5fe443d0bef32cbf9bc3f551
00093,651389399,reyesfrancisca@example.org,juan6513,0x4f0dc6b1f99c4a8f97ca26d9613b2865
00094,4192060,zambranoangel@example.com,luciano4192,0x6956b6801df74db79ec33869bfd7d585
00095,641533807,rafael50@example.com,juan6415,0x18186073c835496e912ac79b0ec62c3e
00096,544341413,ogonzalez@example.net,cristóbal5443,0x3578c452f66b42edb1a254a5abca131b
00097,14831800K,nayarethcancino@example.org,gabriel1483,0x238a701554d541cbbdfe33ec7f422766
00098,40280022,danielserrano@example.com,josé4028,0xc3b743b0071e4e479fc8fceb38d57df6
00099,44991130K,fresia48@example.org,sergio4499,0x6fe72df805a4469894fc75e0633e7a0e
00100,841340957,sebastian79@example.com,pamela8413,0xd4fa299238324bfcb513ff6619715a98
00101,136369180,figueroacesar@example.org,esteban1363,0xdc85e48a2057485387497f5b23384d6d
00102,263039130,cpulgar@example.com,alicia2630,0x43031cf227954ab596eba31aaac9cfcd
00103,841340957,sebastian79@example.com,pamela8413,0x88497d83f16a452b84f858d34b8b036b
00104,40280022,danielserrano@example.com,josé4028,0x0790adeb50d6470bb93518a985c64dc6
00105,841340957,sebastian79@example.com,pamela8413,0x94ee31eea1124666a47dbd2c2a786800
00106,8260927K,danitzamendoza@example.org,eduardo8260,0xc7c91048a6df493ab308bbb772a90deb
00107,58335994K,liliana77@example.net,agustina5833,0xa4bf845b183141f5abdd835e40dbbe25
00108,62127144K,robertmora@example.com,sandra6212,0x0c4338682dee45d78eb8718851b60dda
00109,44991130K,fresia48@example.org,sergio4499,0x898627ef8f8348b98fc12916dff0a1e7
00110,8260927K,danitzamendoza@example.org,eduardo8260,0x07f5e67f996c4a2d9a1971eabd76b285
00111,813881683,jmoreno@example.com,héctor8138,0xc6ea3df3b78a4a94a303644ec0725151
00112,965699163,rcartes@example.com,ámbar9656,0x4b76472aca654e829edae301b1386859
00113,820751817,mgonzalez@example.com,luis8207,0x3b880921a61348a7b3b590ed6a32cac7
00114,894543477,kcisternas@example.com,josé8945,0x017c79203206488b9276765cd054ebd4
00115,14792870K,zloyola@example.net,albert1479,0x9f26de2c03574f1c870308f5855c284d
00116,965699163,rcartes@example.com,ámbar9656,0xee36eba820da4ed8bacd009f570daba2
00117,483805144,cvalencia@example.net,antonia4838,0x077b329615fc480ab2d9c467091157c3
00118,535380759,abnerhernandez@example.org,benedicto5353,0x0e25952714c1488c97ad12fbf73b70de
00119,894585498,leonvirginia@example.org,sandra8945,0xcec325b51588453a85c75b62bc812e23
00120,63569338K,marquezpaola@example.org,matilde6356,0x0cf42c3369a54d4ba292eea9587ac983
00121,411682706,luisgomez@example.net,tomás4116,0x46528b766f8341a6b55d87e8ad6856c7
00122,281626892,cristobal00@example.org,nolberto2816,0xec2257bf50ec497cb137797b790fe8cd
00123,30894235,osvaldo17@example.org,elizabeth3089,0xafd0ad99ec9e4b9295579c332b513402
00124,356494059,natalia51@example.com,juan3564,0x57e04ccdc4f0443d9642a92dd384fa21
00125,63569338K,marquezpaola@example.org,matilde6356,0x475663394e6d4ed4be3c95d64ee5286d
00126,448491692,fuentesgerman@example.org,bernardita4484,0xd328684de8d644e4b58bc196adcbca19
00127,813881683,jmoreno@example.com,héctor8138,0xa3200d7bfc4c45308bbfe7a39d46ddd2
00128,641533807,rafael50@example.com,juan6415,0x21597c62a93741d48ba41284186c0781
00129,894585498,leonvirginia@example.org,sandra8945,0xc831bbdbd6604af3849207c234e82135
00130,10266325K,mariagajardo@example.org,constanza1026,0xbc1adb799f0b494cbcd439e8fda53037
00131,433283686,anahi40@example.net,cecilia4332,0xcf9b4d92017449d58edef4752226c684
00132,8260927K,danitzamendoza@example.org,eduardo8260,0x9b2c220ba93a4dfbb65cc35dfdd402a3
00133,535380759,abnerhernandez@example.org,benedicto5353,0x458ec5416da34713aab3ca29fda03224
00134,276553070,dcanales@example.org,laura2765,0x67085519fe1d437d8b8c181eafad888c
00135,40280022,danielserrano@example.com,josé4028,0x79edc6e8e74541d9a795f04d9ec2cadc
00136,813881683,jmoreno@example.com,héctor8138,0x4ced8527c5a444268a891e31af3fd1c1
00137,894543477,kcisternas@example.com,josé8945,0x6f4e246beaa848eda2d2f6ddc5ceb57f
00138,841340957,sebastian79@example.com,pamela8413,0x040df8075eaf4ac0848270738e9b8b5a
00139,44991130K,fresia48@example.org,sergio4499,0x418ecd07934a4bce9272799c82854204
00140,58335994K,liliana77@example.net,agustina5833,0xd8eeeaf7430c47e1b2a4214b55fd83e1
00141,276553070,dcanales@example.org,laura2765,0x87f29abfe63f49a9a59b695654f5b2a8
00142,40280022,danielserrano@example.com,josé4028,0xf4d3399856624dbd91d27bfceb19da94
00143,337249019,cespinoza@example.org,miguel3372,0xde26adeaedc749508837406a1a1f4352
00144,63569338K,marquezpaola@example.org,matilde6356,0x11155063b329481998fed6961d359ca3
00145,14831800K,nayarethcancino@example.org,gabriel1483,0xb57e626273f74670a0557d55772d132e
00146,14831800K,nayarethcancino@example.org,gabriel1483,0x6ea8c12da3ee43ecb062102ee8280304
00147,337249019,cespinoza@example.org,miguel3372,0xb06baf68e48b4abf81c7ad6fc8d0f740
00148,894543477,kcisternas@example.com,josé8945,0x9589d654b8594768b176630541ecdde6
00149,263039130,cpulgar@example.com,alicia2630,0x0c04d4dacb9a4348aa11ae1a20bbd2c2
00150,894585498,leonvirginia@example.org,sandra8945,0xbad4c1c1aff04d8ab1316c131c5a62e0
00151,677491922,psanchez@example.org,luz6774,0x6f5ab7a0886f43beaf1a460df0628e20
00152,429852927,isuazo@example.net,manuel4298,0x5461a5aaba914dd08e9f5e19e3028663
00153,411682706,luisgomez@example.net,tomás4116,0x388f1b7373a545d48f87da795e04741a
00154,894585498,leonvirginia@example.org,sandra8945,0x62146a4dce284782bc68ad3c3db488a7
00155,30894235,osvaldo17@example.org,elizabeth3089,0xb7e05816e9d44935880db8f1002c49df
00156,206653760,baezamaria@example.net,juan2066,0xd9bb9ffb3c34418b8b014ba86f34fc9b
00157,894543477,kcisternas@example.com,josé8945,0xa9f9f68b0ab84201bab88e34e7e8716c
00158,247812792,snavarro@example.net,marcela2478,0x3efa448b125546dfb7d3b579a9d7b46e
00159,136369180,figueroacesar@example.org,esteban1363,0xb96802cad2124fdf8deb0b6a9553a41a
00160,411682706,luisgomez@example.net,tomás4116,0xe431a762f5a645169866c9c72f1f61d5
00161,45442638K,sormeno@example.com,santiago4544,0xd066b72697a64fec9ac8f1b45daa0f86
00162,412484177,oyarzunjose@example.com,paulino4124,0x0fac6e461f4b42528cb0e179af93f12c
00163,820751817,mgonzalez@example.com,luis8207,0x8efd3ce271c8404783b77a023d3d8b7a
00164,411682706,luisgomez@example.net,tomás4116,0x2248e8780913472fa50e1309472df173
00165,337249019,cespinoza@example.org,miguel3372,0x0297883d745342168f7980d222da25f0
00166,813881683,jmoreno@example.com,héctor8138,0xf5be88cdb0c14794969369957ef2d06b
00167,641533807,rafael50@example.com,juan6415,0xa7c25a27762e4d4cba364d28101e08ff
00168,8260927K,danitzamendoza@example.org,eduardo8260,0xc003b17bd8824672aecc71de72a5e967
00169,841340957,sebastian79@example.com,pamela8413,0x42913125310c45bea6095b4736c8ee12
00170,780435240,ogaldames@example.net,clara7804,0x2e62464536a64ea6b6a38560302f8e79
00171,337249019,cespinoza@example.org,miguel3372,0x6e2eecc106684b6ca7604762c61a7edb
00172,62127144K,robertmora@example.com,sandra6212,0x8ee9313f9d4b4c838300ef9771183c65
00173,276553070,dcanales@example.org,laura2765,0x96552dfedf1144f3af9797081c61776d
00174,337249019,cespinoza@example.org,miguel3372,0x05506e297f044ea09bbfaba647abfe9b
00175,356494059,natalia51@example.com,juan3564,0xfc41a0ffdc894f489a871ca6175e4ed6
00176,58335994K,liliana77@example.net,agustina5833,0xf339910a122d4f3391f27a75d902fc86
00177,915611370,rcortes@example.org,felipe9156,0x49860cfde49f41d285831e14da2358d8
00178,677491922,psanchez@example.org,luz6774,0x077a610b60614d649a0958fe24ac45a3
00179,206653760,baezamaria@example.net,juan2066,0x847c10f138654d83bbbbf97299a1b942
00180,554810845,luisalarcon@example.net,fabiola5548,0xe6886c08c0a847d5be6c0520051c46e5
00181,474597954,lazojuan@example.net,alfonso4745,0x9407f947fe8d446a87d81eb50fcc925b
00182,136369180,figueroacesar@example.org,esteban1363,0xe5c0762c05f84803acb88703a7e45a70
00183,30894235,osvaldo17@example.org,elizabeth3089,0x9a3c21db8bc94f0e898616eb065e481a
00184,356494059,natalia51@example.com,juan3564,0x1736a99ade4a430dbdecb89c6103d1aa
00185,641533807,rafael50@example.com,juan6415,0x31f0483d025d412899e51c7eae4c7374
00186,483805144,cvalencia@example.net,antonia4838,0x7dc3e1870ea6479eab6290134c095864
00187,58335994K,liliana77@example.net,agustina5833,0x5f0df5acd5a24b459025f8232116d8c3
00188,62127144K,robertmora@example.com,sandra6212,0xb62258b026df47bc9ff7e8e0e4adf68e
00189,356494059,natalia51@example.com,juan3564,0xed2ba10bedc44100b4fdc2bf2833cce9
00190,10266325K,mariagajardo@example.org,constanza1026,0x4c9fab62d7b74224a55ff2b02b407139
00191,14831800K,nayarethcancino@example.org,gabriel1483,0x2af941225ff7424ab29e3b644713f09a
00192,832068888,sepulvedajose@example.org,francisca8320,0x374a31f846ed4869be5d54ae65074ed5
00193,605095097,umaturana@example.org,guido6050,0xa656842b6fca49929af20dd863be5804
00194,554810845,luisalarcon@example.net,fabiola5548,0x01ed04b92d954d24a393bc7fda000d05
00195,820751817,mgonzalez@example.com,luis8207,0x3d1a22b900e54c48aa579a512cee7b28
00196,813881683,jmoreno@example.com,héctor8138,0xd672a1443842498fa2e6af4911efc6ba
00197,780435240,ogaldames@example.net,clara7804,0x41078ea6c30a41549bf07686a000dfaf
00198,813881683,jmoreno@example.com,héctor8138,0x03b15814f0554d7a99c5e9fd367d0893
00199,820751817,mgonzalez@example.com,luis8207,0xad88c36bda904fdb81818312b23bd8de
00200,483805144,cvalencia@example.net,antonia4838,0x088aa5d6776f4baaa7cf7934e30c4dda
00201,483805144,cvalencia@example.net,antonia4838,0x790a87b4b7584e049ca07aa63476f7a3
00202,10266325K,mariagajardo@example.org,constanza1026,0x2722e569bc154fb0a7daf2f7fd0641bf
00203,433283686,anahi40@example.net,cecilia4332,0x3db2aadbcfbb4a00aaab3419a73d31c4
00204,908045521,cordovajacqueline@example.com,violeta9080,0xaaa634d664ad4146a2607f947d348d81
00205,965699163,rcartes@example.com,ámbar9656,0xe82c16f815ff42c78d58e028168ab16d
00206,136369180,figueroacesar@example.org,esteban1363,0x1643220171ff4ae98d54b202cbf0ac14
00207,10266325K,mariagajardo@example.org,constanza1026,0x1ff53d769b7a47939ea5eb66f3551848
00208,281626892,cristobal00@example.org,nolberto2816,0x3fd4c02f85ff4f5ab439ef302c250463
00209,247812792,snavarro@example.net,marcela2478,0xd2c2620d45dd46c09d0bb0b8ef862dd0
00210,677491922,psanchez@example.org,luz6774,0x4309dd070be1467ba23cdab49180b1d0
00211,544341413,ogonzalez@example.net,cristóbal5443,0x45fbe2f143d64db8b0b667bc2441e3ab
00212,88072794K,riquelmemartin@example.net,santiago8807,0xa0e811a34c4f411b827dde08cfe719b2
00213,44991130K,fresia48@example.org,sergio4499,0x1b1fb317b7814fd2bd9416ca5d1331f6
00214,4192060,zambranoangel@example.com,luciano4192,0x63d909ad61c04b509a6920039d815ec0
00215,545380072,ouribe@example.org,raúl5453,0xabb88e7c6b514d4c90260edb7f980143
00216,867887555,javiera34@example.net,juan8678,0x3e9594029d3448d0aeba5570c008f780
00217,88072794K,riquelmemartin@example.net,santiago8807,0x20e91a55429d4da2888a903aee2a99ae
00218,545380072,ouribe@example.org,raúl5453,0xb281ff27f0df4ec2a03ef7bc78a9f7cb
00219,535380759,abnerhernandez@example.org,benedicto5353,0x91ba7e836c3243a48662c9b06ec47bd4
00220,813881683,jmoreno@example.com,héctor8138,0x644070184f294026b8a060609f40b99a
00221,535380759,abnerhernandez@example.org,benedicto5353,0x8a07c6db185c4d1da96467795771d159
00222,483805144,cvalencia@example.net,antonia4838,0xe650063c07eb4fb7b47ffd97bd092fc4
00223,867887555,javiera34@example.net,juan8678,0x57ab8b9ac717422197138a80340eaf61
00224,88072794K,riquelmemartin@example.net,santiago8807,0x4aaf068477f34e53a92fc514296c3db8
00225,88072794K,riquelmemartin@example.net,santiago8807,0x81fd383a74c44e799dcd0ef00de43399
00226,813881683,jmoreno@example.com,héctor8138,0xda2e09b1c9064b7eb2d539f78c5a6f05
00227,605095097,umaturana@example.org,guido6050,0x24564187c01040bfa9d6289d6797c90e
00228,429852927,isuazo@example.net,manuel4298,0xc65efaae068a4ca69817d33f492bdb17
00229,411682706,luisgomez@example.net,tomás4116,0xace86ef634834fed89b8c8d5a4304fb7
00230,206653760,baezamaria@example.net,juan2066,0x49fb02fda0e24d39998373d72863c772
00231,206653760,baezamaria@example.net,juan2066,0xefbe02c11270447b9f019ffb42e17677
00232,780435240,ogaldames@example.net,clara7804,0xb6888dfd09c04a168f50c9f88e9e1d37
00233,62127144K,robertmora@example.com,sandra6212,0xbe34a554a3984c92b0734ab736b99b27
00234,412484177,oyarzunjose@example.com,paulino4124,0x33d7e0aad4ed49a19360d97ba896532d
00235,544341413,ogonzalez@example.net,cristóbal5443,0xb0aa4519dc3048c68d4541b83f824cd5
00236,81776309K,bobadillavalentina@example.com,julio8177,0x3e623d95e96848a6a272cf5c638448ed
00237,10266325K,mariagajardo@example.org,constanza1026,0x1992d4b7803447fc8f221ef10f172320
00238,429852927,isuazo@example.net,manuel4298,0xa4c7f6409d2c441285274317b09a8317
00239,832068888,sepulvedajose@example.org,francisca8320,0xe9602cc052944399a4f61337b9471b30
00240,40280022,danielserrano@example.com,josé4028,0xf151c849ff744bf691eb098807a459a6
00241,40280022,danielserrano@example.com,josé4028,0x6ceb62cd4fbf4f24ae2478341de38567
00242,535380759,abnerhernandez@example.org,benedicto5353,0xc8c910b027cd4de08103f9e2bc070e07
00243,545380072,ouribe@example.org,raúl5453,0xff69852a5f4c43038f6ba5e73634f675
00244,832068888,sepulvedajose@example.org,francisca8320,0xfef464e10924406c8d9efecacb4c1832
00245,894543477,kcisternas@example.com,josé8945,0xac090fc21d654e729e9d6b3f62e798b1
00246,88072794K,riquelmemartin@example.net,santiago8807,0xf6867103c5184714b7ffdd4d56206361
00247,813881683,jmoreno@example.com,héctor8138,0xa5c2c9f17cbc41cab14d6312e35e1a78
00248,641533807,rafael50@example.com,juan6415,0x9a35b92c8453423b8699f9559096a967
00249,832068888,sepulvedajose@example.org,francisca8320,0xe080762b04be4bd5b59d482db39b72f1
00250,62127144K,robertmora@example.com,sandra6212,0x62c6fb59f623411d893850c7b38e564f
00251,483805144,cvalencia@example.net,antonia4838,0xcea3558f2089453183fb8d3b7bacfcf6
00252,337249019,cespinoza@example.org,miguel3372,0x6ceac594109141aabccbf6f19364636a
00253,641533807,rafael50@example.com,juan6415,0x8531e3f41d3d45e480ae8c08e811d037
00254,40280022,danielserrano@example.com,josé4028,0x76b1f1ee58d14e608097ebb087efab2b
00255,677491922,psanchez@example.org,luz6774,0xba07db5be00b424399cfe41901fcc589
00256,483805144,cvalencia@example.net,antonia4838,0x585717d4e3d047e7812ce1f46b3ad649
00257,677491922,psanchez@example.org,luz6774,0xea49804bf46c43a8b6835ee660136dcb
00258,411682706,luisgomez@example.net,tomás4116,0xc1120ab18c0347bb98b731d24f0dca34
00259,88072794K,riquelmemartin@example.net,santiago8807,0xc5c3be51d3724265ac9c03772f08fc7f
00260,605095097,umaturana@example.org,guido6050,0x525e406c698547bebdb1e6dd9f7cd28e
00261,281626892,cristobal00@example.org,nolberto2816,0x3b94fb85b1a043b1a957cc5a02c66cdf
00262,908045521,cordovajacqueline@example.com,violeta9080,0xbed3dd9d1553488ba74a44fc4e1f63ca
00263,8260927K,danitzamendoza@example.org,eduardo8260,0x8e5da1c8454740b3a6d7cb7ffa5f7f09
00264,8260927K,danitzamendoza@example.org,eduardo8260,0xd37c9bfa4ebf4f068e51ad99abfd454b
00265,44991130K,fresia48@example.org,sergio4499,0xafb34b71106e47b2bccba59a2b9781dc
00266,411682706,luisgomez@example.net,tomás4116,0xad9211b30d594b73b5cfc554edf7727b
00267,356494059,natalia51@example.com,juan3564,0x6ebe276e6f524d429653f55e01d44206
00268,356494059,natalia51@example.com,juan3564,0x6aae4b71566f4348b7a3db52c988e8de
00269,641533807,rafael50@example.com,juan6415,0x5b00db3adcf648f09d6d78b3f35343d8
00270,136369180,figueroacesar@example.org,esteban1363,0xad2818643566496fbf5a581c9ffeb463
00271,433283686,anahi40@example.net,cecilia4332,0xa7ea16201618416d88653e9c18ad006f
00272,206653760,baezamaria@example.net,juan2066,0x2600642a006149cb8215a22ea49f2d9b
00273,535380759,abnerhernandez@example.org,benedicto5353,0xb7c879fa499645cea7acdadf6fe5d66f
00274,276274759,sandra13@example.org,carolina2762,0xeb06829ad4784e8989ec2fc9791c47db
00275,81776309K,bobadillavalentina@example.com,julio8177,0xbe782dac584544c5aecd68429c1f87e4
00276,412484177,oyarzunjose@example.com,paulino4124,0xe9f8d7aca86644a08ff30a004b0ca6ea
00277,605095097,umaturana@example.org,guido6050,0xca70f59345ca4bf28f557471339e92fd
00278,412484177,oyarzunjose@example.com,paulino4124,0x63e1f46d8d7143e6844ffa6ffb585626
00279,45442638K,sormeno@example.com,santiago4544,0x8474df75751d49b0bc68795c8a4eb303
00280,651389399,reyesfrancisca@example.org,juan6513,0x2aeb7a8e933047e192aa409d2852565d
00281,448491692,fuentesgerman@example.org,bernardita4484,0x44ffeed371fa4189a0b1633dbec554dc
00282,4192060,zambranoangel@example.com,luciano4192,0x28eda816bd17496e9615569984b1cb4c
00283,263039130,cpulgar@example.com,alicia2630,0x2ff2cca83652492fbf0b7813202a9bbe
00284,14831800K,nayarethcancino@example.org,gabriel1483,0x53188392174b4fe8913ff04b07690aec
00285,544341413,ogonzalez@example.net,cristóbal5443,0x6fdbdf85e20745c79bd4397c2f233f66
00286,206653760,baezamaria@example.net,juan2066,0xc89fa5e459de404b96617af5d2f83a01
00287,545380072,ouribe@example.org,raúl5453,0xf16d84da95b74f9c85249b24dfd56de9
00288,62127144K,robertmora@example.com,sandra6212,0xf5c9e40ed2b44d68bbdf3206e1b6658f
00289,832068888,sepulvedajose@example.org,francisca8320,0x007b8c0df10b4036a14792d7148a3a53
00290,429852927,isuazo@example.net,manuel4298,0x0a8d02aa8d4d4fca89e95031fa9a3fb9
00291,263039130,cpulgar@example.com,alicia2630,0xdd38c1139666451aab96de2f19ce539d
00292,136369180,figueroacesar@example.org,esteban1363,0x74078ee398504fc1adb2313b94e94d94
00293,965699163,rcartes@example.com,ámbar9656,0x82cd25381dc64f37961c597a17d4b765
00294,429852927,isuazo@example.net,manuel4298,0x46100259b66c4952ba33a166908792d6
00295,641533807,rafael50@example.com,juan6415,0xe7fa01ea176a4bf58a698909f6263d74
00296,88072794K,riquelmemartin@example.net,santiago8807,0x5634b2b1197d4a9c82875502357d17f2
00297,641533807,rafael50@example.com,juan6415,0x5e303a4ca47841e7b34206b845bc4c30
00298,337249019,cespinoza@example.org,miguel3372,0xd68bef50fa124bc8baab6d745dddd30d
00299,448491692,fuentesgerman@example.org,bernardita4484,0xee41a34277a24d4f9eaabe9b99fff98e
00300,429852927,isuazo@example.net,manuel4298,0x62f1df2d892e4d299708a60dd2a5ddd0
00301,81776309K,bobadillavalentina@example.com,julio8177,0x5ab4679349244bc0959583c52560417d
00302,605095097,umaturana@example.org,guido6050,0x324c52b070de434cb6e6b4fdf236de82
00303,483805144,cvalencia@example.net,antonia4838,0xfc71c5785ccc4f87b97d1aa120b6e9ea
00304,651389399,reyesfrancisca@example.org,juan6513,0x7effbad9a33d4734a02d6e6a82b490c4
00305,651389399,reyesfrancisca@example.org,juan6513,0x4e7b6b4624084f40b97ada691d45bcaf
00306,474597954,lazojuan@example.net,alfonso4745,0x64b456f732bd4c51a6caa7db20ed9fde
00307,780435240,ogaldames@example.net,clara7804,0x4810876e899947678833c6c9425ea68a
00308,429852927,isuazo@example.net,manuel4298,0xfdffdf5b47894e41a7dee386124a2eac
00309,651389399,reyesfrancisca@example.org,juan6513,0x84744c1f9d024ea9b370e8af8df67470
00310,45442638K,sormeno@example.com,santiago4544,0x750c040d9dd14319a57e756e0c273fc6
00311,263039130,cpulgar@example.com,alicia2630,0x3718902abe004c3b80766d72462421a1
00312,651389399,reyesfrancisca@example.org,juan6513,0x698489edc03440b68230d30766624837
00313,63569338K,marquezpaola@example.org,matilde6356,0xfe0d1c2d884e45c78ff6dfc0b308cc33
00314,45442638K,sormeno@example.com,santiago4544,0xfd92fb52ff1147b6b92c3d826b3ad47e
00315,965699163,rcartes@example.com,ámbar9656,0x09b3bce3bc7e4eadb4d6597475b7d5f5
00316,908045521,cordovajacqueline@example.com,violeta9080,0xb58d40f9b4b54f8e88638c32e3ea585f
00317,545380072,ouribe@example.org,raúl5453,0x2eb2f4ba2a3d42e48c20124cc9d2ec5a
00318,867887555,javiera34@example.net,juan8678,0x63f84fe4dbcd421690f44c5259c23dd0
00319,337249019,cespinoza@example.org,miguel3372,0xa1b0b2a8aa944b9a95650d69598142cc
00320,448491692,fuentesgerman@example.org,bernardita4484,0xb0b45be8917044eea144ac8378549408
00321,40280022,danielserrano@example.com,josé4028,0x2bdd16c5c5b24938bb99df439383b05e
00322,894585498,leonvirginia@example.org,sandra8945,0x12905f49245f4a37a439943933ebb243
00323,45442638K,sormeno@example.com,santiago4544,0xcf734034770f44b8a1bf639b8e20ece7
00324,448491692,fuentesgerman@example.org,bernardita4484,0xff1fb8168a4a42ac86c65390b27daabe
00325,544341413,ogonzalez@example.net,cristóbal5443,0x27fd3a7db7614ae3af3cb9ba488e5293
00326,62127144K,robertmora@example.com,sandra6212,0x653add7c43924531923a7e881ca771d2
00327,263039130,cpulgar@example.com,alicia2630,0x8ac6e209478c4c76983526b680ca1928
00328,780435240,ogaldames@example.net,clara7804,0x1498b9791799457e84be1cbb2e9baff7
00329,554810845,luisalarcon@example.net,fabiola5548,0x2c8962416f274daea5725a79161ff78f
00330,45442638K,sormeno@example.com,santiago4544,0x2dcfb453de644296acdbd54b5faa6cb6
00331,356494059,natalia51@example.com,juan3564,0xb4fe9e4da7434be8a19df08f5150d4d7
00332,63569338K,marquezpaola@example.org,matilde6356,0x52c2db7fef2e4782bddc9a57d142b47f
00333,206653760,baezamaria@example.net,juan2066,0x77352f6ef6ef444e971a806389235222
00334,605095097,umaturana@example.org,guido6050,0xea6cc59d155d422c95e58534c20f95d5
00335,263039130,cpulgar@example.com,alicia2630,0xea572888de344a8bb1422cfd604df736
00336,820751817,mgonzalez@example.com,luis8207,0x897e4ffad0a2452286d8d470ab7a3e27
00337,356494059,natalia51@example.com,juan3564,0x460e2eb0a46042019f962cdf4663340e
00338,62127144K,robertmora@example.com,sandra6212,0xc2ad13becd00418390c9631a4522bf4f
00339,45442638K,sormeno@example.com,santiago4544,0x0e0c03434c6843619c3eaea9133c271a
00340,813881683,jmoreno@example.com,héctor8138,0xc6e892bcc6b74c26a314dcf65a86d00d
00341,14792870K,zloyola@example.net,albert1479,0x74d14afb413b4a32a4ca7dc09d23f8fb
00342,820751817,mgonzalez@example.com,luis8207,0xd7bbabf71edf437bb1ad1d7b2f54d9df
00343,63569338K,marquezpaola@example.org,matilde6356,0x265730aacfa24710a1e1abd393d9a614
00344,544341413,ogonzalez@example.net,cristóbal5443,0x545314f5b3a347249dcc9e32d85e9022
00345,30894235,osvaldo17@example.org,elizabeth3089,0x7b2a1cac3b8f45369456b1661876a357
00346,40280022,danielserrano@example.com,josé4028,0x85247031ab634073baa7134d14d35f71
00347,276274759,sandra13@example.org,carolina2762,0x1c1963a19b80402694712086967310d5
00348,915611370,rcortes@example.org,felipe9156,0xed18761f09924775a46170c5f8bc080d
00349,651389399,reyesfrancisca@example.org,juan6513,0x9c3b3ab53a794a3096493bb08328752b
00350,412484177,oyarzunjose@example.com,paulino4124,0xd78b605331fe486cb22b73f589be0c09
00351,4192060,zambranoangel@example.com,luciano4192,0x379008d04ed441588b280f8b43979882
00352,545380072,ouribe@example.org,raúl5453,0xc4e72c6aee554d9dac1d98218e25acde
00353,30894235,osvaldo17@example.org,elizabeth3089,0xfb1847d168534f048f68828030aeb477
00354,4192060,zambranoangel@example.com,luciano4192,0xcfe0031ba8dd4292b829e58130fa7fbc
00355,474597954,lazojuan@example.net,alfonso4745,0x8130a359c2594bb897e0000aed07429a
00356,894543477,kcisternas@example.com,josé8945,0x240381dd00fa4daaa579d5cebadabe14
00357,81776309K,bobadillavalentina@example.com,julio8177,0x09925133b08a48e8b10004b6c5355077
00358,247812792,snavarro@example.net,marcela2478,0x278e512eb859482b966eb51bbc1d1eb6
00359,81776309K,bobadillavalentina@example.com,julio8177,0x3d31e56a771343e396070b597afbfe93
00360,894543477,kcisternas@example.com,josé8945,0x3c65b3976d254dc7b737cf850a7394ec
00361,10266325K,mariagajardo@example.org,constanza1026,0x1dcebe68543a4f22b9d5520fcc73309d
00362,483805144,cvalencia@example.net,antonia4838,0xa738242b689644d7bdf2af71fa073bff
00363,908045521,cordovajacqueline@example.com,violeta9080,0x97a97aeccd9641a5aaf781c6455c2936
00364,677491922,psanchez@example.org,luz6774,0x76aaa98a81104a10a96f060174eef12f
00365,544341413,ogonzalez@example.net,cristóbal5443,0x9489fee0dd9442f29f6eb8bbfb6b263f
00366,908045521,cordovajacqueline@example.com,violeta9080,0x69f9b38e24dd4f6fa193df90ec2fa166
00367,908045521,cordovajacqueline@example.com,violeta9080,0x315edccc41cf48c9a1dc38f684892cd2
00368,429852927,isuazo@example.net,manuel4298,0x0f08db52e728445595d614b72a4f31fb
00369,483805144,cvalencia@example.net,antonia4838,0xda078757dca54beaae8d8092e2cd05d4
00370,813881683,jmoreno@example.com,héctor8138,0xb8004530571c4c60ab9ee502755a483c
00371,14792870K,zloyola@example.net,albert1479,0xddf3beb0966645a8b2d174edec954d82
00372,337249019,cespinoza@example.org,miguel3372,0xefee431a840f4b1c8a70b667040eca81
00373,14831800K,nayarethcancino@example.org,gabriel1483,0xcf04cc2c14764f06b9db5f1acab51eb9
00374,894585498,leonvirginia@example.org,sandra8945,0xd746e07bd2424d44a5471a3f2bc773b4
00375,605095097,umaturana@example.org,guido6050,0x9ff0fb90263a4298bfcb438bf5ecb6b6
00376,81776309K,bobadillavalentina@example.com,julio8177,0x3be237b110d044bd9c5fc3daa401574c
00377,483805144,cvalencia@example.net,antonia4838,0x8884cf7a3b4540349c5f4e75214bbaba
00378,276274759,sandra13@example.org,carolina2762,0x1b2faf89d0b644628fc4dc8af6101bab
00379,894585498,leonvirginia@example.org,sandra8945,0x02b2e9adf76a4199a1b449e4df433464
00380,832068888,sepulvedajose@example.org,francisca8320,0x102120aafd404d3e8b5f7618f15e6341
00381,45442638K,sormeno@example.com,santiago4544,0x1e43413dad66409f9d2788f7646ec1be
00382,448491692,fuentesgerman@example.org,bernardita4484,0x6825231b4a664074857721137f0ccf33
00383,411682706,luisgomez@example.net,tomás4116,0xf71e36096da9405d811550f8ae5ac85c
00384,448491692,fuentesgerman@example.org,bernardita4484,0xb806bd36696e466f8962c72f8827a961
00385,641533807,rafael50@example.com,juan6415,0x71156f0121f546ccbb8449aa3b2c429b
00386,356494059,natalia51@example.com,juan3564,0x9405d471f05943cc84c621ff35ff8d45
00387,40280022,danielserrano@example.com,josé4028,0x221254fbbfb349ccb6f06db7655efea6
00388,784035131,javier38@example.net,emily7840,0xe8a59dbd52dd434681cdaa5387c56181
00389,276274759,sandra13@example.org,carolina2762,0x36c585b427e64ffc99b1d14318e8c19b
00390,8260927K,danitzamendoza@example.org,eduardo8260,0xc9d84c1492bb4b058b51d6098474b902
00391,820751817,mgonzalez@example.com,luis8207,0x34706c7167064df88d3f9342fe08f9b5
00392,8260927K,danitzamendoza@example.org,eduardo8260,0x95d6f89f88c4401ab8c172c08e179646
00393,894585498,leonvirginia@example.org,sandra8945,0xdea0aa90bcc945d187d971e0e4542669
00394,894543477,kcisternas@example.com,josé8945,0x7951871c7617401aa5c713dece75c47c
00395,247812792,snavarro@example.net,marcela2478,0xfea037cc1c48417e9103e0a4dbe744fc
00396,545380072,ouribe@example.org,raúl5453,0xcdb911450af14b3ab48c741db7b47ec1
00397,908045521,cordovajacqueline@example.com,violeta9080,0x08af584f8db04094af8625b26d846ff7
00398,40280022,danielserrano@example.com,josé4028,0x388f01d9cda64529b54d072df2839487
00399,8260927K,danitzamendoza@example.org,eduardo8260,0x62c4fec1f5a049dfaf624e8bf248fabd
00400,412484177,oyarzunjose@example.com,paulino4124,0x8d4411cd69d041cf96362fe17861cdda
00401,780435240,ogaldames@example.net,clara7804,0x43eecbcec6c5440b98644ab3ce81f2cb
00402,136369180,figueroacesar@example.org,esteban1363,0xccd9e323dcfb4abcb731ff24af9e17b5
00403,535380759,abnerhernandez@example.org,benedicto5353,0x105988f7a84b44b7a2ff0132575ba18c
00404,136369180,figueroacesar@example.org,esteban1363,0xb19941dae11e4c728bfb007f8eed8e1c
00405,276553070,dcanales@example.org,laura2765,0xbc3e8f1b067c45f2b12e3b12dcdfc95c
00406,276553070,dcanales@example.org,laura2765,0x4156abdbb2864b6480f9971e5d86903d
00407,411682706,luisgomez@example.net,tomás4116,0xb46ef8acc9ac4746bdab1a9b988efba5
00408,429852927,isuazo@example.net,manuel4298,0xfe773b47e8a84f31b8b217623e67ba13
00409,894543477,kcisternas@example.com,josé8945,0xac421318b90a482aa7bf15e919994f59
00410,965699163,rcartes@example.com,ámbar9656,0xd838f8d2ecc14c23819c88c2b6f2ca3a
00411,677491922,psanchez@example.org,luz6774,0x70bde81ab9db421d9dbd645f9f351d50
00412,44991130K,fresia48@example.org,sergio4499,0xf8b9ea2fdc6740ef9e33cc18990cdd02
00413,784035131,javier38@example.net,emily7840,0x54e77a08a9a242b6bc8eb7852439e738
00414,483805144,cvalencia@example.net,antonia4838,0x55e6a658b7034e8095c9c7442026957b
00415,894585498,leonvirginia@example.org,sandra8945,0x48d6657f6d0741408b387fe3fcf2ce9e
00416,605095097,umaturana@example.org,guido6050,0x60f88ed501b442df820d953aa57775c7
00417,448491692,fuentesgerman@example.org,bernardita4484,0x900e9139cf6844b5bc093eaef132cb4e
00418,677491922,psanchez@example.org,luz6774,0xa6b81bf18dab467ca38708f8dda307f2
