id_articulo,titulo,fecha_envio,resumen
00019,Implementación de ingeniería de software en la industria,2023-05-16,Se propone un marco de trabajo innovador basado en Ingeniería de Software para mejorar la eficiencia y reducir costos operativos.
00020,Optimización de procesos mediante procesamiento de lenguaje natural,2024-05-31,Este estudio investiga el impacto de Procesamiento de Lenguaje Natural en el desarrollo tecnológico actual y sus implicaciones futuras.
00021,Análisis profundo de computación en la nube,2024-10-18,Ofrecemos una guía práctica y detallada para la implementacin exitosa de soluciones de Computación en la Nube en entornos reales.
00022,Desafíos actuales en computación en la nube,2024-04-22,Se propone un marco de trabajo innovador basado en Computación en la Nube para mejorar la eficiencia y reducir costos operativos.
00023,Implementación de sistemas operativos en la industria,2024-02-22,Este artículo explora los fundamentos de Sistemas Operativos y sus aplicaciones prácticas en diversos sectores.
00024,El futuro de computación gráfica: una perspectiva,2024-05-30,Ofrecemos una guía práctica y detallada para la implementacin exitosa de soluciones de Computación Gráfica en entornos reales.
00025,El futuro de desarrollo web full-stack: una perspectiva,2023-12-13,Se propone un marco de trabajo innovador basado en Desarrollo Web Full-Stack para mejorar la eficiencia y reducir costos operativos.
00026,Nuevas tendencias en bases de datos,2024-03-27,Este estudio investiga el impacto de Bases de Datos en el desarrollo tecnológico actual y sus implicaciones futuras.
00027,Marco de trabajo para realidad virtual y aumentada escalable,2023-06-26,Se propone un marco de trabajo innovador basado en Realidad Virtual y Aumentada para mejorar la eficiencia y reducir costos operativos.
00028,Desafíos actuales en internet de las cosas,2023-10-09,"Discutimos las ventajas y desventajas de diferentes enfoques en Internet de las Cosas y Internet de las Cosas, proveyendo una guía comparativa."
00029,Desafíos actuales en big data,2023-07-06,"Se analizan los retos de seguridad, privacidad y éticos asociados con la adopción masiva de Big Data."
00030,Nuevas tendencias en ciberseguridad,2023-04-13,"Discutimos las ventajas y desventajas de diferentes enfoques en Ciberseguridad y Ciberseguridad, proveyendo una guía comparativa."
00031,Optimización de procesos mediante computación en la nube,2023-07-07,"Discutimos las ventajas y desventajas de diferentes enfoques en Computación en la Nube y Computación en la Nube, proveyendo una guía comparativa."
00032,Desafíos actuales en aprendizaje automático,2024-11-30,Ofrecemos una guía práctica y detallada para la implementacin exitosa de soluciones de Aprendizaje Automático en entornos reales.
00033,Evaluación de rendimiento en teoría de la computación,2024-02-05,Resultados de un estudio de caso sobre la aplicación de Teoría de la Computación para resolver un problema específico de la industria.
00034,Desafíos actuales en big data,2024-11-13,Ofrecemos una guía práctica y detallada para la implementacin exitosa de soluciones de Big Data en entornos reales.
00035,Desafíos actuales en internet de las cosas,2024-06-29,Se propone un marco de trabajo innovador basado en Internet de las Cosas para mejorar la eficiencia y reducir costos operativos.
00036,Marco de trabajo para sistemas operativos escalable,2023-08-06,Ofrecemos una guía práctica y detallada para la implementacin exitosa de soluciones de Sistemas Operativos en entornos reales.
00037,Aplicaciones prácticas de procesamiento de lenguaje natural con ingeniería de software,2024-02-18,Exploramos la sinergia entre Procesamiento de Lenguaje Natural y Ingeniería de Software para crear soluciones más robustas y potentes.
00038,Evaluación de rendimiento en blockchain,2024-12-11,Exploramos la sinergia entre Blockchain y Aprendizaje Automático para crear soluciones más robustas y potentes.
00039,Introducción a big data para principiantes,2024-09-16,Se presenta una revisión exhaustiva de las últimas investigaciones y avances en el campo de Big Data.
00040,Desafíos actuales en bases de datos,2024-11-12,"Discutimos las ventajas y desventajas de diferentes enfoques en Bases de Datos y Internet de las Cosas, proveyendo una guía comparativa."
00041,Estudio comparativo sobre procesamiento de lenguaje natural y bases de datos,2024-01-14,"El presente trabajo detalla una nueva metodología para abordar problemas complejos en Procesamiento de Lenguaje Natural, validada experimentalmente."
00042,El futuro de redes de computadores: una perspectiva,2023-06-04,Resultados de un estudio de caso sobre la aplicación de Redes de Computadores para resolver un problema específico de la industria.
00043,El futuro de sistemas operativos: una perspectiva,2024-12-03,Ofrecemos una guía práctica y detallada para la implementacin exitosa de soluciones de Sistemas Operativos en entornos reales.
00044,Evaluación de rendimiento en internet de las cosas,2023-09-22,Este estudio investiga el impacto de Internet de las Cosas en el desarrollo tecnológico actual y sus implicaciones futuras.
00045,Estudio comparativo sobre aprendizaje automático y computación en la nube,2024-05-24,Se propone un marco de trabajo innovador basado en Aprendizaje Automático para mejorar la eficiencia y reducir costos operativos.
00046,Marco de trabajo para procesamiento de lenguaje natural escalable,2025-03-27,Resultados de un estudio de caso sobre la aplicación de Procesamiento de Lenguaje Natural para resolver un problema específico de la industria.
00047,Evaluación de rendimiento en aprendizaje automático,2023-08-03,Resultados de un estudio de caso sobre la aplicación de Aprendizaje Automático para resolver un problema específico de la industria.
00048,Evaluación de rendimiento en visión por computador,2023-07-13,Resultados de un estudio de caso sobre la aplicación de Visión por Computador para resolver un problema específico de la industria.
00049,Seguridad en sistemas de ciberseguridad,2025-03-30,Este estudio investiga el impacto de Ciberseguridad en el desarrollo tecnológico actual y sus implicaciones futuras.
00050,Aplicaciones prácticas de big data con big data,2024-09-20,Este estudio investiga el impacto de Big Data en el desarrollo tecnológico actual y sus implicaciones futuras.
00051,Nuevas tendencias en big data,2023-06-01,Este artículo explora los fundamentos de Big Data y sus aplicaciones prácticas en diversos sectores.
00052,Seguridad en sistemas de ingeniería de software,2025-04-05,Resultados de un estudio de caso sobre la aplicación de Ingeniería de Software para resolver un problema específico de la industria.
00053,Análisis profundo de realidad virtual y aumentada,2023-12-24,Exploramos la sinergia entre Realidad Virtual y Aumentada y Realidad Virtual y Aumentada para crear soluciones más robustas y potentes.
00054,Nuevas tendencias en redes de computadores,2024-05-06,Ofrecemos una guía práctica y detallada para la implementacin exitosa de soluciones de Redes de Computadores en entornos reales.
00055,Seguridad en sistemas de bases de datos,2024-06-21,Resultados de un estudio de caso sobre la aplicación de Bases de Datos para resolver un problema específico de la industria.
00056,Implementación de bases de datos en la industria,2024-04-04,Ofrecemos una guía práctica y detallada para la implementacin exitosa de soluciones de Bases de Datos en entornos reales.
00057,Optimización de procesos mediante bases de datos,2023-09-14,"El presente trabajo detalla una nueva metodología para abordar problemas complejos en Bases de Datos, validada experimentalmente."
00058,Evaluación de rendimiento en blockchain,2024-12-19,Este estudio investiga el impacto de Blockchain en el desarrollo tecnológico actual y sus implicaciones futuras.
00059,Aplicaciones prácticas de visión por computador con visión por computador,2024-05-21,"Se analizan los retos de seguridad, privacidad y éticos asociados con la adopción masiva de Visión por Computador."
00060,Evaluación de rendimiento en big data,2025-01-18,"Se analizan los retos de seguridad, privacidad y éticos asociados con la adopción masiva de Big Data."
00061,Evaluación de rendimiento en ciberseguridad,2025-04-01,Se presenta una revisión exhaustiva de las últimas investigaciones y avances en el campo de Ciberseguridad.
00062,Marco de trabajo para procesamiento de lenguaje natural escalable,2024-03-25,Ofrecemos una guía práctica y detallada para la implementacin exitosa de soluciones de Procesamiento de Lenguaje Natural en entornos reales.
00063,Nuevas tendencias en internet de las cosas,2023-12-12,Ofrecemos una guía práctica y detallada para la implementacin exitosa de soluciones de Internet de las Cosas en entornos reales.
00064,Optimización de procesos mediante internet de las cosas,2024-09-15,"El presente trabajo detalla una nueva metodología para abordar problemas complejos en Internet de las Cosas, validada experimentalmente."
00065,Nuevas tendencias en blockchain,2024-12-27,Se propone un marco de trabajo innovador basado en Blockchain para mejorar la eficiencia y reducir costos operativos.
00066,El futuro de internet de las cosas: una perspectiva,2024-06-24,Ofrecemos una guía práctica y detallada para la implementacin exitosa de soluciones de Internet de las Cosas en entornos reales.
00067,Evaluación de rendimiento en bases de datos,2023-05-31,Este estudio investiga el impacto de Bases de Datos en el desarrollo tecnológico actual y sus implicaciones futuras.
00068,Implementación de algoritmos y estructuras de datos en la industria,2025-01-19,Se propone un marco de trabajo innovador basado en Algoritmos y Estructuras de Datos para mejorar la eficiencia y reducir costos operativos.
00069,El futuro de aprendizaje automático: una perspectiva,2025-02-21,Resultados de un estudio de caso sobre la aplicación de Aprendizaje Automático para resolver un problema específico de la industria.
00070,Nuevas tendencias en computación en la nube,2024-10-24,"Se analizan los retos de seguridad, privacidad y éticos asociados con la adopción masiva de Computación en la Nube."
00071,Estudio comparativo sobre bases de datos y bases de datos,2024-08-17,Este artículo explora los fundamentos de Bases de Datos y sus aplicaciones prácticas en diversos sectores.
00072,Seguridad en sistemas de internet de las cosas,2024-11-04,Exploramos la sinergia entre Internet de las Cosas y Teoría de la Computación para crear soluciones más robustas y potentes.
00073,Análisis profundo de inteligencia artificial,2024-05-25,Este artículo explora los fundamentos de Inteligencia Artificial y sus aplicaciones prácticas en diversos sectores.
00074,Implementación de internet de las cosas en la industria,2025-02-07,Resultados de un estudio de caso sobre la aplicación de Internet de las Cosas para resolver un problema específico de la industria.
00075,Introducción a blockchain para principiantes,2024-06-16,Ofrecemos una guía práctica y detallada para la implementacin exitosa de soluciones de Blockchain en entornos reales.
00076,Desafíos actuales en internet de las cosas,2024-05-15,"Discutimos las ventajas y desventajas de diferentes enfoques en Internet de las Cosas y Internet de las Cosas, proveyendo una guía comparativa."
00077,Nuevas tendencias en realidad virtual y aumentada,2025-03-12,Resultados de un estudio de caso sobre la aplicación de Realidad Virtual y Aumentada para resolver un problema específico de la industria.
00078,Aplicaciones prácticas de sistemas operativos con desarrollo web full-stack,2023-12-30,Resultados de un estudio de caso sobre la aplicación de Sistemas Operativos para resolver un problema específico de la industria.
00079,Desafíos actuales en inteligencia artificial,2024-12-29,Ofrecemos una guía práctica y detallada para la implementacin exitosa de soluciones de Inteligencia Artificial en entornos reales.
00080,Implementación de internet de las cosas en la industria,2024-11-08,Se presenta una revisión exhaustiva de las últimas investigaciones y avances en el campo de Internet de las Cosas.
00081,Optimización de procesos mediante internet de las cosas,2024-06-03,Se presenta una revisión exhaustiva de las últimas investigaciones y avances en el campo de Internet de las Cosas.
00082,El futuro de visión por computador: una perspectiva,2024-08-22,Se presenta una revisión exhaustiva de las últimas investigaciones y avances en el campo de Visión por Computador.
00083,Nuevas tendencias en teoría de la computación,2024-12-05,Ofrecemos una guía práctica y detallada para la implementacin exitosa de soluciones de Teoría de la Computación en entornos reales.
00084,El futuro de computación en la nube: una perspectiva,2025-01-08,Este artículo explora los fundamentos de Computación en la Nube y sus aplicaciones prácticas en diversos sectores.
00085,Implementación de bases de datos en la industria,2024-09-07,"El presente trabajo detalla una nueva metodología para abordar problemas complejos en Bases de Datos, validada experimentalmente."
00086,Marco de trabajo para ingeniería de software escalable,2024-03-02,Se presenta una revisión exhaustiva de las últimas investigaciones y avances en el campo de Ingeniería de Software.
00087,Introducción a blockchain para principiantes,2024-08-21,"El presente trabajo detalla una nueva metodología para abordar problemas complejos en Blockchain, validada experimentalmente."
00088,Aplicaciones prácticas de algoritmos y estructuras de datos con algoritmos y estructuras de datos,2023-05-20,Este artículo explora los fundamentos de Algoritmos y Estructuras de Datos y sus aplicaciones prácticas en diversos sectores.
00089,Seguridad en sistemas de computación en la nube,2024-12-12,Exploramos la sinergia entre Computación en la Nube y Computación en la Nube para crear soluciones más robustas y potentes.
00090,Optimización de procesos mediante ingeniería de software,2023-08-12,Se propone un marco de trabajo innovador basado en Ingeniería de Software para mejorar la eficiencia y reducir costos operativos.
00091,Marco de trabajo para bases de datos escalable,2024-11-02,Resultados de un estudio de caso sobre la aplicación de Bases de Datos para resolver un problema específico de la industria.
00092,Desafíos actuales en computación en la nube,2023-05-22,Se propone un marco de trabajo innovador basado en Computación en la Nube para mejorar la eficiencia y reducir costos operativos.
00093,Implementación de aprendizaje automático en la industria,2023-05-04,"Discutimos las ventajas y desventajas de diferentes enfoques en Aprendizaje Automático y Procesamiento de Lenguaje Natural, proveyendo una guía comparativa."
00094,Evaluación de rendimiento en ingeniería de software,2025-02-16,Se propone un marco de trabajo innovador basado en Ingeniería de Software para mejorar la eficiencia y reducir costos operativos.
00095,Análisis profundo de ingeniería de software,2024-09-07,Se propone un marco de trabajo innovador basado en Ingeniería de Software para mejorar la eficiencia y reducir costos operativos.
00096,El futuro de visión por computador: una perspectiva,2023-08-04,Se propone un marco de trabajo innovador basado en Visión por Computador para mejorar la eficiencia y reducir costos operativos.
00097,Seguridad en sistemas de procesamiento de lenguaje natural,2024-11-07,Este estudio investiga el impacto de Procesamiento de Lenguaje Natural en el desarrollo tecnológico actual y sus implicaciones futuras.
00098,El futuro de algoritmos y estructuras de datos: una perspectiva,2024-09-17,Ofrecemos una guía práctica y detallada para la implementacin exitosa de soluciones de Algoritmos y Estructuras de Datos en entornos reales.
00099,Marco de trabajo para algoritmos y estructuras de datos escalable,2024-09-01,Se propone un marco de trabajo innovador basado en Algoritmos y Estructuras de Datos para mejorar la eficiencia y reducir costos operativos.
00100,Evaluación de rendimiento en procesamiento de lenguaje natural,2024-11-12,Exploramos la sinergia entre Procesamiento de Lenguaje Natural y Ciberseguridad para crear soluciones más robustas y potentes.
00101,Desafíos actuales en big data,2023-11-15,Se propone un marco de trabajo innovador basado en Big Data para mejorar la eficiencia y reducir costos operativos.
00102,Desafíos actuales en blockchain,2024-07-03,"Discutimos las ventajas y desventajas de diferentes enfoques en Blockchain y Realidad Virtual y Aumentada, proveyendo una guía comparativa."
00103,Seguridad en sistemas de teoría de la computación,2024-12-24,"El presente trabajo detalla una nueva metodología para abordar problemas complejos en Teoría de la Computación, validada experimentalmente."
00104,Nuevas tendencias en algoritmos y estructuras de datos,2025-04-11,Se propone un marco de trabajo innovador basado en Algoritmos y Estructuras de Datos para mejorar la eficiencia y reducir costos operativos.
00105,Análisis profundo de ingeniería de software,2024-07-15,Ofrecemos una guía práctica y detallada para la implementacin exitosa de soluciones de Ingeniería de Software en entornos reales.
00106,Seguridad en sistemas de ingeniería de software,2023-07-12,Exploramos la sinergia entre Ingeniería de Software y Computación en la Nube para crear soluciones más robustas y potentes.
00107,Evaluación de rendimiento en sistemas operativos,2023-06-24,"Se analizan los retos de seguridad, privacidad y éticos asociados con la adopción masiva de Sistemas Operativos."
00108,Implementación de bases de datos en la industria,2023-05-13,"Se analizan los retos de seguridad, privacidad y éticos asociados con la adopción masiva de Bases de Datos."
00109,Desafíos actuales en algoritmos y estructuras de datos,2023-11-19,"Discutimos las ventajas y desventajas de diferentes enfoques en Algoritmos y Estructuras de Datos y Algoritmos y Estructuras de Datos, proveyendo una guía comparativa."
00110,Aplicaciones prácticas de blockchain con blockchain,2025-02-04,"El presente trabajo detalla una nueva metodología para abordar problemas complejos en Blockchain, validada experimentalmente."
00111,Marco de trabajo para visión por computador escalable,2024-09-01,"El presente trabajo detalla una nueva metodología para abordar problemas complejos en Visión por Computador, validada experimentalmente."
00112,Análisis profundo de big data,2023-06-22,Se presenta una revisión exhaustiva de las últimas investigaciones y avances en el campo de Big Data.
00113,Nuevas tendencias en procesamiento de lenguaje natural,2024-06-07,Exploramos la sinergia entre Procesamiento de Lenguaje Natural y Bases de Datos para crear soluciones más robustas y potentes.
00114,El futuro de computación en la nube: una perspectiva,2025-02-01,"Discutimos las ventajas y desventajas de diferentes enfoques en Computación en la Nube y Computación en la Nube, proveyendo una guía comparativa."
00115,Análisis profundo de procesamiento de lenguaje natural,2023-05-30,Se presenta una revisión exhaustiva de las últimas investigaciones y avances en el campo de Procesamiento de Lenguaje Natural.
00116,Análisis profundo de internet de las cosas,2024-02-25,"Discutimos las ventajas y desventajas de diferentes enfoques en Internet de las Cosas y Ciberseguridad, proveyendo una guía comparativa."
00117,Estudio comparativo sobre ingeniería de software y ingeniería de software,2024-06-08,"El presente trabajo detalla una nueva metodología para abordar problemas complejos en Ingeniería de Software, validada experimentalmente."
00118,Nuevas tendencias en internet de las cosas,2024-10-08,Este artículo explora los fundamentos de Internet de las Cosas y sus aplicaciones prácticas en diversos sectores.
00119,Optimización de procesos mediante redes de computadores,2023-11-07,Este estudio investiga el impacto de Redes de Computadores en el desarrollo tecnológico actual y sus implicaciones futuras.
00120,Desafíos actuales en algoritmos y estructuras de datos,2024-10-02,Este artículo explora los fundamentos de Algoritmos y Estructuras de Datos y sus aplicaciones prácticas en diversos sectores.
00121,Marco de trabajo para aprendizaje automático escalable,2024-08-28,Se presenta una revisión exhaustiva de las últimas investigaciones y avances en el campo de Aprendizaje Automático.
00122,Nuevas tendencias en blockchain,2024-10-15,Este estudio investiga el impacto de Blockchain en el desarrollo tecnológico actual y sus implicaciones futuras.
00123,Seguridad en sistemas de redes de computadores,2024-12-15,Exploramos la sinergia entre Redes de Computadores y Algoritmos y Estructuras de Datos para crear soluciones más robustas y potentes.
00124,Estudio comparativo sobre computación en la nube y computación en la nube,2023-11-23,"Se analizan los retos de seguridad, privacidad y éticos asociados con la adopción masiva de Computación en la Nube."
00125,Implementación de big data en la industria,2025-02-17,Este artículo explora los fundamentos de Big Data y sus aplicaciones prácticas en diversos sectores.
00126,Estudio comparativo sobre bases de datos y computación gráfica,2023-08-26,Este estudio investiga el impacto de Bases de Datos en el desarrollo tecnológico actual y sus implicaciones futuras.
00127,Marco de trabajo para aprendizaje automático escalable,2025-04-09,Ofrecemos una guía práctica y detallada para la implementacin exitosa de soluciones de Aprendizaje Automático en entornos reales.
00128,Optimización de procesos mediante sistemas operativos,2024-02-07,"Discutimos las ventajas y desventajas de diferentes enfoques en Sistemas Operativos y Ingeniería de Software, proveyendo una guía comparativa."
00129,Desafíos actuales en ingeniería de software,2024-12-16,"Discutimos las ventajas y desventajas de diferentes enfoques en Ingeniería de Software y Sistemas Operativos, proveyendo una guía comparativa."
00130,Desafíos actuales en algoritmos y estructuras de datos,2024-10-17,Exploramos la sinergia entre Algoritmos y Estructuras de Datos y Ciberseguridad para crear soluciones más robustas y potentes.
00131,Aplicaciones prácticas de realidad virtual y aumentada con computación gráfica,2023-09-22,"El presente trabajo detalla una nueva metodología para abordar problemas complejos en Realidad Virtual y Aumentada, validada experimentalmente."
00132,Evaluación de rendimiento en algoritmos y estructuras de datos,2023-08-05,"Se analizan los retos de seguridad, privacidad y éticos asociados con la adopción masiva de Algoritmos y Estructuras de Datos."
00133,El futuro de computación gráfica: una perspectiva,2024-11-26,Exploramos la sinergia entre Computación Gráfica y Computación Gráfica para crear soluciones más robustas y potentes.
00134,Optimización de procesos mediante desarrollo web full-stack,2024-07-11,"Se analizan los retos de seguridad, privacidad y éticos asociados con la adopción masiva de Desarrollo Web Full-Stack."
00135,Seguridad en sistemas de blockchain,2024-07-19,Resultados de un estudio de caso sobre la aplicación de Blockchain para resolver un problema específico de la industria.
00136,Seguridad en sistemas de visión por computador,2023-10-24,Se presenta una revisión exhaustiva de las últimas investigaciones y avances en el campo de Visión por Computador.
00137,Aplicaciones prácticas de desarrollo web full-stack con algoritmos y estructuras de datos,2024-04-15,Se propone un marco de trabajo innovador basado en Desarrollo Web Full-Stack para mejorar la eficiencia y reducir costos operativos.
00138,Implementación de aprendizaje automático en la industria,2024-07-14,Ofrecemos una guía práctica y detallada para la implementacin exitosa de soluciones de Aprendizaje Automático en entornos reales.
00139,Seguridad en sistemas de computación en la nube,2024-05-05,"Discutimos las ventajas y desventajas de diferentes enfoques en Computación en la Nube y Computación en la Nube, proveyendo una guía comparativa."
00140,Desafíos actuales en computación en la nube,2023-06-03,"El presente trabajo detalla una nueva metodología para abordar problemas complejos en Computación en la Nube, validada experimentalmente."
00141,Nuevas tendencias en bases de datos,2024-04-22,Se presenta una revisión exhaustiva de las últimas investigaciones y avances en el campo de Bases de Datos.
00142,Marco de trabajo para desarrollo web full-stack escalable,2024-09-04,Resultados de un estudio de caso sobre la aplicación de Desarrollo Web Full-Stack para resolver un problema específico de la industria.
00143,Análisis profundo de bases de datos,2024-08-09,Exploramos la sinergia entre Bases de Datos y Bases de Datos para crear soluciones más robustas y potentes.
00144,Nuevas tendencias en inteligencia artificial,2024-11-03,Resultados de un estudio de caso sobre la aplicación de Inteligencia Artificial para resolver un problema específico de la industria.
00145,Estudio comparativo sobre big data y sistemas operativos,2025-01-15,Se propone un marco de trabajo innovador basado en Big Data para mejorar la eficiencia y reducir costos operativos.
00146,El futuro de ingeniería de software: una perspectiva,2024-09-12,Se presenta una revisión exhaustiva de las últimas investigaciones y avances en el campo de Ingeniería de Software.
00147,Desafíos actuales en algoritmos y estructuras de datos,2024-11-24,Este estudio investiga el impacto de Algoritmos y Estructuras de Datos en el desarrollo tecnológico actual y sus implicaciones futuras.
00148,Estudio comparativo sobre procesamiento de lenguaje natural y internet de las cosas,2023-11-20,Exploramos la sinergia entre Procesamiento de Lenguaje Natural y Internet de las Cosas para crear soluciones más robustas y potentes.
00149,Introducción a algoritmos y estructuras de datos para principiantes,2024-03-19,"El presente trabajo detalla una nueva metodología para abordar problemas complejos en Algoritmos y Estructuras de Datos, validada experimentalmente."
00150,Desafíos actuales en ciberseguridad,2024-06-01,"Discutimos las ventajas y desventajas de diferentes enfoques en Ciberseguridad y Internet de las Cosas, proveyendo una guía comparativa."
00151,Introducción a algoritmos y estructuras de datos para principiantes,2024-10-30,Exploramos la sinergia entre Algoritmos y Estructuras de Datos y Sistemas Operativos para crear soluciones más robustas y potentes.
00152,Marco de trabajo para visión por computador escalable,2024-05-15,Este estudio investiga el impacto de Visión por Computador en el desarrollo tecnológico actual y sus implicaciones futuras.
00153,Introducción a aprendizaje automático para principiantes,2024-03-16,Se propone un marco de trabajo innovador basado en Aprendizaje Automático para mejorar la eficiencia y reducir costos operativos.
00154,Seguridad en sistemas de internet de las cosas,2024-08-15,Se presenta una revisión exhaustiva de las últimas investigaciones y avances en el campo de Internet de las Cosas.
00155,Introducción a ingeniería de software para principiantes,2024-04-30,"El presente trabajo detalla una nueva metodología para abordar problemas complejos en Ingeniería de Software, validada experimentalmente."
00156,Introducción a bases de datos para principiantes,2024-08-01,Resultados de un estudio de caso sobre la aplicación de Bases de Datos para resolver un problema específico de la industria.
00157,El futuro de algoritmos y estructuras de datos: una perspectiva,2023-06-12,"El presente trabajo detalla una nueva metodología para abordar problemas complejos en Algoritmos y Estructuras de Datos, validada experimentalmente."
00158,Seguridad en sistemas de blockchain,2024-05-29,Este estudio investiga el impacto de Blockchain en el desarrollo tecnológico actual y sus implicaciones futuras.
00159,Estudio comparativo sobre ciberseguridad y ciberseguridad,2024-01-17,Exploramos la sinergia entre Ciberseguridad y Ciberseguridad para crear soluciones más robustas y potentes.
00160,Introducción a algoritmos y estructuras de datos para principiantes,2024-03-13,Este estudio investiga el impacto de Algoritmos y Estructuras de Datos en el desarrollo tecnológico actual y sus implicaciones futuras.
00161,Evaluación de rendimiento en sistemas operativos,2025-01-17,Resultados de un estudio de caso sobre la aplicación de Sistemas Operativos para resolver un problema específico de la industria.
00162,Nuevas tendencias en bases de datos,2023-11-24,"Se analizan los retos de seguridad, privacidad y éticos asociados con la adopción masiva de Bases de Datos."
00163,Aplicaciones prácticas de ingeniería de software con ingeniería de software,2024-01-14,Ofrecemos una guía práctica y detallada para la implementacin exitosa de soluciones de Ingeniería de Software en entornos reales.
00164,Implementación de computación en la nube en la industria,2023-11-19,Este estudio investiga el impacto de Computación en la Nube en el desarrollo tecnológico actual y sus implicaciones futuras.
00165,Marco de trabajo para ingeniería de software escalable,2024-03-06,Ofrecemos una guía práctica y detallada para la implementacin exitosa de soluciones de Ingeniería de Software en entornos reales.
00166,Evaluación de rendimiento en redes de computadores,2023-10-31,"Discutimos las ventajas y desventajas de diferentes enfoques en Redes de Computadores y Inteligencia Artificial, proveyendo una guía comparativa."
00167,Implementación de sistemas operativos en la industria,2024-05-13,Este artículo explora los fundamentos de Sistemas Operativos y sus aplicaciones prácticas en diversos sectores.
00168,Estudio comparativo sobre procesamiento de lenguaje natural y procesamiento de lenguaje natural,2023-07-18,Este estudio investiga el impacto de Procesamiento de Lenguaje Natural en el desarrollo tecnológico actual y sus implicaciones futuras.
00169,Seguridad en sistemas de ingeniería de software,2024-02-10,Se presenta una revisión exhaustiva de las últimas investigaciones y avances en el campo de Ingeniería de Software.
00170,Análisis profundo de realidad virtual y aumentada,2024-04-20,Se propone un marco de trabajo innovador basado en Realidad Virtual y Aumentada para mejorar la eficiencia y reducir costos operativos.
00171,Optimización de procesos mediante aprendizaje automático,2025-01-26,Exploramos la sinergia entre Aprendizaje Automático y Aprendizaje Automático para crear soluciones más robustas y potentes.
00172,Nuevas tendencias en aprendizaje automático,2024-01-16,Se presenta una revisión exhaustiva de las últimas investigaciones y avances en el campo de Aprendizaje Automático.
00173,Optimización de procesos mediante teoría de la computación,2024-01-31,Exploramos la sinergia entre Teoría de la Computación y Realidad Virtual y Aumentada para crear soluciones más robustas y potentes.
00174,Desafíos actuales en realidad virtual y aumentada,2023-09-23,"Discutimos las ventajas y desventajas de diferentes enfoques en Realidad Virtual y Aumentada y Inteligencia Artificial, proveyendo una guía comparativa."
00175,Implementación de sistemas operativos en la industria,2024-06-19,Se propone un marco de trabajo innovador basado en Sistemas Operativos para mejorar la eficiencia y reducir costos operativos.
00176,Evaluación de rendimiento en aprendizaje automático,2025-03-31,"Discutimos las ventajas y desventajas de diferentes enfoques en Aprendizaje Automático y Sistemas Operativos, proveyendo una guía comparativa."
00177,Introducción a inteligencia artificial para principiantes,2024-09-20,"El presente trabajo detalla una nueva metodología para abordar problemas complejos en Inteligencia Artificial, validada experimentalmente."
00178,Optimización de procesos mediante sistemas operativos,2024-05-12,"Se analizan los retos de seguridad, privacidad y éticos asociados con la adopción masiva de Sistemas Operativos."
00179,Desafíos actuales en algoritmos y estructuras de datos,2024-04-05,Se propone un marco de trabajo innovador basado en Algoritmos y Estructuras de Datos para mejorar la eficiencia y reducir costos operativos.
00180,Introducción a internet de las cosas para principiantes,2023-07-04,Se propone un marco de trabajo innovador basado en Internet de las Cosas para mejorar la eficiencia y reducir costos operativos.
00181,Optimización de procesos mediante big data,2025-03-05,"El presente trabajo detalla una nueva metodología para abordar problemas complejos en Big Data, validada experimentalmente."
00182,Implementación de realidad virtual y aumentada en la industria,2024-07-23,Exploramos la sinergia entre Realidad Virtual y Aumentada y Computación en la Nube para crear soluciones más robustas y potentes.
00183,El futuro de aprendizaje automático: una perspectiva,2023-09-16,"Se analizan los retos de seguridad, privacidad y éticos asociados con la adopción masiva de Aprendizaje Automático."
00184,El futuro de bases de datos: una perspectiva,2024-04-22,Ofrecemos una guía práctica y detallada para la implementacin exitosa de soluciones de Bases de Datos en entornos reales.
00185,Introducción a procesamiento de lenguaje natural para principiantes,2024-02-21,Se presenta una revisión exhaustiva de las últimas investigaciones y avances en el campo de Procesamiento de Lenguaje Natural.
00186,Optimización de procesos mediante redes de computadores,2023-09-20,"Discutimos las ventajas y desventajas de diferentes enfoques en Redes de Computadores y Desarrollo Web Full-Stack, proveyendo una guía comparativa."
00187,Introducción a procesamiento de lenguaje natural para principiantes,2024-06-21,Ofrecemos una guía práctica y detallada para la implementacin exitosa de soluciones de Procesamiento de Lenguaje Natural en entornos reales.
00188,Estudio comparativo sobre visión por computador y computación en la nube,2023-12-16,"Se analizan los retos de seguridad, privacidad y éticos asociados con la adopción masiva de Visión por Computador."
00189,Optimización de procesos mediante procesamiento de lenguaje natural,2023-11-13,"Discutimos las ventajas y desventajas de diferentes enfoques en Procesamiento de Lenguaje Natural y Teoría de la Computación, proveyendo una guía comparativa."
00190,Marco de trabajo para ciberseguridad escalable,2023-05-16,"Discutimos las ventajas y desventajas de diferentes enfoques en Ciberseguridad y Ciberseguridad, proveyendo una guía comparativa."
00191,Aplicaciones prácticas de aprendizaje automático con procesamiento de lenguaje natural,2024-08-15,"El presente trabajo detalla una nueva metodología para abordar problemas complejos en Aprendizaje Automático, validada experimentalmente."
00192,Evaluación de rendimiento en big data,2024-03-09,"Se analizan los retos de seguridad, privacidad y éticos asociados con la adopción masiva de Big Data."
00193,El futuro de big data: una perspectiva,2024-02-19,Resultados de un estudio de caso sobre la aplicación de Big Data para resolver un problema específico de la industria.
00194,El futuro de algoritmos y estructuras de datos: una perspectiva,2024-04-27,"Se analizan los retos de seguridad, privacidad y éticos asociados con la adopción masiva de Algoritmos y Estructuras de Datos."
00195,El futuro de internet de las cosas: una perspectiva,2024-11-06,"El presente trabajo detalla una nueva metodología para abordar problemas complejos en Internet de las Cosas, validada experimentalmente."
00196,Análisis profundo de bases de datos,2025-04-02,"El presente trabajo detalla una nueva metodología para abordar problemas complejos en Bases de Datos, validada experimentalmente."
00197,Nuevas tendencias en ciberseguridad,2023-12-19,Se presenta una revisión exhaustiva de las últimas investigaciones y avances en el campo de Ciberseguridad.
00198,Introducción a teoría de la computación para principiantes,2024-01-24,Ofrecemos una guía práctica y detallada para la implementacin exitosa de soluciones de Teoría de la Computación en entornos reales.
00199,Nuevas tendencias en blockchain,2023-11-17,Este estudio investiga el impacto de Blockchain en el desarrollo tecnológico actual y sus implicaciones futuras.
00200,Análisis profundo de sistemas operativos,2024-04-18,Se propone un marco de trabajo innovador basado en Sistemas Operativos para mejorar la eficiencia y reducir costos operativos.
00201,Estudio comparativo sobre procesamiento de lenguaje natural y procesamiento de lenguaje natural,2024-06-03,Se propone un marco de trabajo innovador basado en Procesamiento de Lenguaje Natural para mejorar la eficiencia y reducir costos operativos.
00202,Nuevas tendencias en inteligencia artificial,2023-12-19,Este artículo explora los fundamentos de Inteligencia Artificial y sus aplicaciones prácticas en diversos sectores.
00203,Nuevas tendencias en ingeniería de software,2023-08-29,"Se analizan los retos de seguridad, privacidad y éticos asociados con la adopción masiva de Ingeniería de Software."
00204,Introducción a big data para principiantes,2023-09-23,Se propone un marco de trabajo innovador basado en Big Data para mejorar la eficiencia y reducir costos operativos.
00205,Marco de trabajo para realidad virtual y aumentada escalable,2023-05-02,"Discutimos las ventajas y desventajas de diferentes enfoques en Realidad Virtual y Aumentada y Teoría de la Computación, proveyendo una guía comparativa."
00206,Estudio comparativo sobre realidad virtual y aumentada y computación gráfica,2024-04-13,"El presente trabajo detalla una nueva metodología para abordar problemas complejos en Realidad Virtual y Aumentada, validada experimentalmente."
00207,Análisis profundo de procesamiento de lenguaje natural,2023-11-17,Ofrecemos una guía práctica y detallada para la implementacin exitosa de soluciones de Procesamiento de Lenguaje Natural en entornos reales.
00208,Aplicaciones prácticas de procesamiento de lenguaje natural con ciberseguridad,2024-07-16,"El presente trabajo detalla una nueva metodología para abordar problemas complejos en Procesamiento de Lenguaje Natural, validada experimentalmente."
00209,Evaluación de rendimiento en procesamiento de lenguaje natural,2023-06-04,Se presenta una revisión exhaustiva de las últimas investigaciones y avances en el campo de Procesamiento de Lenguaje Natural.
00210,Seguridad en sistemas de inteligencia artificial,2024-12-10,"Se analizan los retos de seguridad, privacidad y éticos asociados con la adopción masiva de Inteligencia Artificial."
00211,El futuro de desarrollo web full-stack: una perspectiva,2023-05-22,Este estudio investiga el impacto de Desarrollo Web Full-Stack en el desarrollo tecnológico actual y sus implicaciones futuras.
00212,Introducción a desarrollo web full-stack para principiantes,2024-11-21,"Discutimos las ventajas y desventajas de diferentes enfoques en Desarrollo Web Full-Stack y Computación Gráfica, proveyendo una guía comparativa."
00213,Seguridad en sistemas de computación en la nube,2024-07-18,Exploramos la sinergia entre Computación en la Nube y Redes de Computadores para crear soluciones más robustas y potentes.
00214,Estudio comparativo sobre inteligencia artificial y inteligencia artificial,2023-07-19,"Se analizan los retos de seguridad, privacidad y éticos asociados con la adopción masiva de Inteligencia Artificial."
00215,Implementación de procesamiento de lenguaje natural en la industria,2024-02-05,Exploramos la sinergia entre Procesamiento de Lenguaje Natural y Aprendizaje Automático para crear soluciones más robustas y potentes.
00216,Seguridad en sistemas de blockchain,2024-07-26,"El presente trabajo detalla una nueva metodología para abordar problemas complejos en Blockchain, validada experimentalmente."
00217,Optimización de procesos mediante teoría de la computación,2025-03-14,Este estudio investiga el impacto de Teoría de la Computación en el desarrollo tecnológico actual y sus implicaciones futuras.
00218,Marco de trabajo para algoritmos y estructuras de datos escalable,2024-08-22,Se presenta una revisión exhaustiva de las últimas investigaciones y avances en el campo de Algoritmos y Estructuras de Datos.
00219,Análisis profundo de big data,2024-10-13,"Se analizan los retos de seguridad, privacidad y éticos asociados con la adopción masiva de Big Data."
00220,Marco de trabajo para visión por computador escalable,2023-10-31,"El presente trabajo detalla una nueva metodología para abordar problemas complejos en Visión por Computador, validada experimentalmente."
00221,Estudio comparativo sobre teoría de la computación y teoría de la computación,2024-09-27,Ofrecemos una guía práctica y detallada para la implementacin exitosa de soluciones de Teoría de la Computación en entornos reales.
00222,El futuro de algoritmos y estructuras de datos: una perspectiva,2024-10-29,Este estudio investiga el impacto de Algoritmos y Estructuras de Datos en el desarrollo tecnológico actual y sus implicaciones futuras.
00223,Optimización de procesos mediante teoría de la computación,2023-06-12,Este artículo explora los fundamentos de Teoría de la Computación y sus aplicaciones prácticas en diversos sectores.
00224,Estudio comparativo sobre aprendizaje automático y teoría de la computación,2023-05-22,"Se analizan los retos de seguridad, privacidad y éticos asociados con la adopción masiva de Aprendizaje Automático."
00225,Desafíos actuales en teoría de la computación,2024-09-20,Se propone un marco de trabajo innovador basado en Teoría de la Computación para mejorar la eficiencia y reducir costos operativos.
00226,Desafíos actuales en aprendizaje automático,2023-08-17,Este estudio investiga el impacto de Aprendizaje Automático en el desarrollo tecnológico actual y sus implicaciones futuras.
00227,Aplicaciones prácticas de sistemas operativos con sistemas operativos,2023-04-30,Este artículo explora los fundamentos de Sistemas Operativos y sus aplicaciones prácticas en diversos sectores.
00228,Introducción a visión por computador para principiantes,2023-05-25,Resultados de un estudio de caso sobre la aplicación de Visión por Computador para resolver un problema específico de la industria.
00229,Implementación de teoría de la computación en la industria,2024-07-28,Se presenta una revisión exhaustiva de las últimas investigaciones y avances en el campo de Teoría de la Computación.
00230,El futuro de aprendizaje automático: una perspectiva,2024-08-23,Se propone un marco de trabajo innovador basado en Aprendizaje Automático para mejorar la eficiencia y reducir costos operativos.
00231,Desafíos actuales en inteligencia artificial,2024-08-03,"Se analizan los retos de seguridad, privacidad y éticos asociados con la adopción masiva de Inteligencia Artificial."
00232,Evaluación de rendimiento en visión por computador,2023-05-05,"El presente trabajo detalla una nueva metodología para abordar problemas complejos en Visión por Computador, validada experimentalmente."
00233,El futuro de inteligencia artificial: una perspectiva,2024-07-31,Este estudio investiga el impacto de Inteligencia Artificial en el desarrollo tecnológico actual y sus implicaciones futuras.
00234,Estudio comparativo sobre bases de datos y bases de datos,2023-06-13,Se propone un marco de trabajo innovador basado en Bases de Datos para mejorar la eficiencia y reducir costos operativos.
00235,El futuro de big data: una perspectiva,2023-05-13,"El presente trabajo detalla una nueva metodología para abordar problemas complejos en Big Data, validada experimentalmente."
00236,Marco de trabajo para procesamiento de lenguaje natural escalable,2025-03-22,"Se analizan los retos de seguridad, privacidad y éticos asociados con la adopción masiva de Procesamiento de Lenguaje Natural."
00237,Marco de trabajo para aprendizaje automático escalable,2024-02-07,Se presenta una revisión exhaustiva de las últimas investigaciones y avances en el campo de Aprendizaje Automático.
00238,Estudio comparativo sobre blockchain y blockchain,2023-10-18,"El presente trabajo detalla una nueva metodología para abordar problemas complejos en Blockchain, validada experimentalmente."
00239,Marco de trabajo para redes de computadores escalable,2023-06-27,"Se analizan los retos de seguridad, privacidad y éticos asociados con la adopción masiva de Redes de Computadores."
00240,Nuevas tendencias en ingeniería de software,2024-02-10,Se propone un marco de trabajo innovador basado en Ingeniería de Software para mejorar la eficiencia y reducir costos operativos.
00241,Desafíos actuales en blockchain,2025-01-03,Resultados de un estudio de caso sobre la aplicación de Blockchain para resolver un problema específico de la industria.
00242,Aplicaciones prácticas de desarrollo web full-stack con internet de las cosas,2025-03-17,Ofrecemos una guía práctica y detallada para la implementacin exitosa de soluciones de Desarrollo Web Full-Stack en entornos reales.
00243,El futuro de desarrollo web full-stack: una perspectiva,2023-05-30,Se propone un marco de trabajo innovador basado en Desarrollo Web Full-Stack para mejorar la eficiencia y reducir costos operativos.
00244,Aplicaciones prácticas de inteligencia artificial con desarrollo web full-stack,2024-05-20,Este estudio investiga el impacto de Inteligencia Artificial en el desarrollo tecnológico actual y sus implicaciones futuras.
00245,Nuevas tendencias en computación gráfica,2024-09-10,Exploramos la sinergia entre Computación Gráfica y Redes de Computadores para crear soluciones más robustas y potentes.
00246,Nuevas tendencias en teoría de la computación,2024-02-14,Este estudio investiga el impacto de Teoría de la Computación en el desarrollo tecnológico actual y sus implicaciones futuras.
00247,Seguridad en sistemas de teoría de la computación,2024-01-09,"Se analizan los retos de seguridad, privacidad y éticos asociados con la adopción masiva de Teoría de la Computación."
00248,Aplicaciones prácticas de visión por computador con inteligencia artificial,2023-12-14,Se propone un marco de trabajo innovador basado en Visión por Computador para mejorar la eficiencia y reducir costos operativos.
00249,Análisis profundo de big data,2024-12-24,"Se analizan los retos de seguridad, privacidad y éticos asociados con la adopción masiva de Big Data."
00250,Optimización de procesos mediante algoritmos y estructuras de datos,2024-07-30,Resultados de un estudio de caso sobre la aplicación de Algoritmos y Estructuras de Datos para resolver un problema específico de la industria.
00251,Seguridad en sistemas de big data,2023-06-01,Este estudio investiga el impacto de Big Data en el desarrollo tecnológico actual y sus implicaciones futuras.
00252,Aplicaciones prácticas de sistemas operativos con teoría de la computación,2025-04-07,Este artículo explora los fundamentos de Sistemas Operativos y sus aplicaciones prácticas en diversos sectores.
00253,Aplicaciones prácticas de computación en la nube con computación en la nube,2023-11-11,"Discutimos las ventajas y desventajas de diferentes enfoques en Computación en la Nube y Computación en la Nube, proveyendo una guía comparativa."
00254,Aplicaciones prácticas de ingeniería de software con ingeniería de software,2024-05-09,Resultados de un estudio de caso sobre la aplicación de Ingeniería de Software para resolver un problema específico de la industria.
00255,Evaluación de rendimiento en procesamiento de lenguaje natural,2024-10-25,Este estudio investiga el impacto de Procesamiento de Lenguaje Natural en el desarrollo tecnológico actual y sus implicaciones futuras.
00256,Optimización de procesos mediante sistemas operativos,2024-01-25,"Se analizan los retos de seguridad, privacidad y éticos asociados con la adopción masiva de Sistemas Operativos."
00257,Nuevas tendencias en teoría de la computación,2025-02-08,Ofrecemos una guía práctica y detallada para la implementacin exitosa de soluciones de Teoría de la Computación en entornos reales.
00258,Desafíos actuales en visión por computador,2025-02-06,"El presente trabajo detalla una nueva metodología para abordar problemas complejos en Visión por Computador, validada experimentalmente."
00259,Introducción a blockchain para principiantes,2024-12-28,Este artículo explora los fundamentos de Blockchain y sus aplicaciones prácticas en diversos sectores.
00260,Desafíos actuales en ingeniería de software,2023-06-03,Este estudio investiga el impacto de Ingeniería de Software en el desarrollo tecnológico actual y sus implicaciones futuras.
00261,El futuro de computación en la nube: una perspectiva,2023-05-01,Este artículo explora los fundamentos de Computación en la Nube y sus aplicaciones prácticas en diversos sectores.
00262,Aplicaciones prácticas de procesamiento de lenguaje natural con teoría de la computación,2025-04-11,"Discutimos las ventajas y desventajas de diferentes enfoques en Procesamiento de Lenguaje Natural y Teoría de la Computación, proveyendo una guía comparativa."
00263,Evaluación de rendimiento en computación en la nube,2024-07-22,"Discutimos las ventajas y desventajas de diferentes enfoques en Computación en la Nube y Ingeniería de Software, proveyendo una guía comparativa."
00264,Implementación de procesamiento de lenguaje natural en la industria,2025-02-04,Este estudio investiga el impacto de Procesamiento de Lenguaje Natural en el desarrollo tecnológico actual y sus implicaciones futuras.
00265,Implementación de inteligencia artificial en la industria,2023-11-23,"Se analizan los retos de seguridad, privacidad y éticos asociados con la adopción masiva de Inteligencia Artificial."
00266,Implementación de desarrollo web full-stack en la industria,2024-03-04,Ofrecemos una guía práctica y detallada para la implementacin exitosa de soluciones de Desarrollo Web Full-Stack en entornos reales.
00267,El futuro de computación gráfica: una perspectiva,2023-11-12,Este artículo explora los fundamentos de Computación Gráfica y sus aplicaciones prácticas en diversos sectores.
00268,Seguridad en sistemas de realidad virtual y aumentada,2023-08-14,"El presente trabajo detalla una nueva metodología para abordar problemas complejos en Realidad Virtual y Aumentada, validada experimentalmente."
00269,Nuevas tendencias en big data,2023-10-20,Se propone un marco de trabajo innovador basado en Big Data para mejorar la eficiencia y reducir costos operativos.
00270,Aplicaciones prácticas de ingeniería de software con ingeniería de software,2023-11-20,Se presenta una revisión exhaustiva de las últimas investigaciones y avances en el campo de Ingeniería de Software.
00271,Seguridad en sistemas de desarrollo web full-stack,2023-07-26,"Se analizan los retos de seguridad, privacidad y éticos asociados con la adopción masiva de Desarrollo Web Full-Stack."
00272,Seguridad en sistemas de teoría de la computación,2024-02-04,"El presente trabajo detalla una nueva metodología para abordar problemas complejos en Teoría de la Computación, validada experimentalmente."
00273,Análisis profundo de ingeniería de software,2025-01-17,"Se analizan los retos de seguridad, privacidad y éticos asociados con la adopción masiva de Ingeniería de Software."
00274,Evaluación de rendimiento en redes de computadores,2023-09-03,Este estudio investiga el impacto de Redes de Computadores en el desarrollo tecnológico actual y sus implicaciones futuras.
00275,Estudio comparativo sobre algoritmos y estructuras de datos y teoría de la computación,2023-09-10,"El presente trabajo detalla una nueva metodología para abordar problemas complejos en Algoritmos y Estructuras de Datos, validada experimentalmente."
00276,El futuro de inteligencia artificial: una perspectiva,2024-05-14,Se presenta una revisión exhaustiva de las últimas investigaciones y avances en el campo de Inteligencia Artificial.
00277,El futuro de desarrollo web full-stack: una perspectiva,2024-05-10,Se propone un marco de trabajo innovador basado en Desarrollo Web Full-Stack para mejorar la eficiencia y reducir costos operativos.
00278,Introducción a bases de datos para principiantes,2024-12-10,Se propone un marco de trabajo innovador basado en Bases de Datos para mejorar la eficiencia y reducir costos operativos.
00279,Aplicaciones prácticas de internet de las cosas con sistemas operativos,2023-04-12,Se presenta una revisión exhaustiva de las últimas investigaciones y avances en el campo de Internet de las Cosas.
00280,Evaluación de rendimiento en realidad virtual y aumentada,2023-12-09,"El presente trabajo detalla una nueva metodología para abordar problemas complejos en Realidad Virtual y Aumentada, validada experimentalmente."
00281,Marco de trabajo para redes de computadores escalable,2023-11-01,"El presente trabajo detalla una nueva metodología para abordar problemas complejos en Redes de Computadores, validada experimentalmente."
00282,Evaluación de rendimiento en ingeniería de software,2024-09-17,Ofrecemos una guía práctica y detallada para la implementacin exitosa de soluciones de Ingeniería de Software en entornos reales.
00283,Estudio comparativo sobre ciberseguridad y ciberseguridad,2025-03-05,Se propone un marco de trabajo innovador basado en Ciberseguridad para mejorar la eficiencia y reducir costos operativos.
00284,El futuro de algoritmos y estructuras de datos: una perspectiva,2024-11-27,"Discutimos las ventajas y desventajas de diferentes enfoques en Algoritmos y Estructuras de Datos y Computación Gráfica, proveyendo una guía comparativa."
00285,Implementación de bases de datos en la industria,2023-05-07,"El presente trabajo detalla una nueva metodología para abordar problemas complejos en Bases de Datos, validada experimentalmente."
00286,Implementación de aprendizaje automático en la industria,2024-03-22,Resultados de un estudio de caso sobre la aplicación de Aprendizaje Automático para resolver un problema específico de la industria.
00287,Estudio comparativo sobre algoritmos y estructuras de datos y desarrollo web full-stack,2023-06-28,"Se analizan los retos de seguridad, privacidad y éticos asociados con la adopción masiva de Algoritmos y Estructuras de Datos."
00288,Optimización de procesos mediante procesamiento de lenguaje natural,2024-12-31,"El presente trabajo detalla una nueva metodología para abordar problemas complejos en Procesamiento de Lenguaje Natural, validada experimentalmente."
00289,El futuro de big data: una perspectiva,2023-12-09,Exploramos la sinergia entre Big Data y Internet de las Cosas para crear soluciones más robustas y potentes.
00290,Implementación de ciberseguridad en la industria,2023-07-12,"Se analizan los retos de seguridad, privacidad y éticos asociados con la adopción masiva de Ciberseguridad."
00291,Aplicaciones prácticas de ciberseguridad con ciberseguridad,2025-02-19,"El presente trabajo detalla una nueva metodología para abordar problemas complejos en Ciberseguridad, validada experimentalmente."
00292,Nuevas tendencias en computación gráfica,2024-12-13,Este estudio investiga el impacto de Computación Gráfica en el desarrollo tecnológico actual y sus implicaciones futuras.
00293,Optimización de procesos mediante ciberseguridad,2024-08-24,"El presente trabajo detalla una nueva metodología para abordar problemas complejos en Ciberseguridad, validada experimentalmente."
00294,Estudio comparativo sobre sistemas operativos y big data,2025-03-21,Exploramos la sinergia entre Sistemas Operativos y Big Data para crear soluciones más robustas y potentes.
00295,Aplicaciones prácticas de blockchain con blockchain,2023-06-25,Este estudio investiga el impacto de Blockchain en el desarrollo tecnológico actual y sus implicaciones futuras.
00296,Nuevas tendencias en aprendizaje automático,2024-12-08,Se propone un marco de trabajo innovador basado en Aprendizaje Automático para mejorar la eficiencia y reducir costos operativos.
00297,Desafíos actuales en bases de datos,2023-08-04,Se propone un marco de trabajo innovador basado en Bases de Datos para mejorar la eficiencia y reducir costos operativos.
00298,Estudio comparativo sobre big data y ingeniería de software,2023-12-30,"Se analizan los retos de seguridad, privacidad y éticos asociados con la adopción masiva de Big Data."
00299,Implementación de visión por computador en la industria,2024-11-29,Este artículo explora los fundamentos de Visión por Computador y sus aplicaciones prácticas en diversos sectores.
00300,Análisis profundo de teoría de la computación,2024-01-12,"Se analizan los retos de seguridad, privacidad y éticos asociados con la adopción masiva de Teoría de la Computación."
00301,Estudio comparativo sobre aprendizaje automático y aprendizaje automático,2023-09-26,Este estudio investiga el impacto de Aprendizaje Automático en el desarrollo tecnológico actual y sus implicaciones futuras.
00302,El futuro de computación gráfica: una perspectiva,2024-11-15,"El presente trabajo detalla una nueva metodología para abordar problemas complejos en Computación Gráfica, validada experimentalmente."
00303,Evaluación de rendimiento en computación en la nube,2023-11-09,Resultados de un estudio de caso sobre la aplicación de Computación en la Nube para resolver un problema específico de la industria.
00304,Análisis profundo de computación gráfica,2023-10-07,Este estudio investiga el impacto de Computación Gráfica en el desarrollo tecnológico actual y sus implicaciones futuras.
00305,Seguridad en sistemas de internet de las cosas,2025-01-26,"Se analizan los retos de seguridad, privacidad y éticos asociados con la adopción masiva de Internet de las Cosas."
00306,Aplicaciones prácticas de big data con sistemas operativos,2023-08-15,"El presente trabajo detalla una nueva metodología para abordar problemas complejos en Big Data, validada experimentalmente."
00307,Optimización de procesos mediante aprendizaje automático,2024-12-16,Exploramos la sinergia entre Aprendizaje Automático y Computación Gráfica para crear soluciones más robustas y potentes.
00308,Seguridad en sistemas de desarrollo web full-stack,2023-10-30,"Se analizan los retos de seguridad, privacidad y éticos asociados con la adopción masiva de Desarrollo Web Full-Stack."
00309,Evaluación de rendimiento en sistemas operativos,2023-10-08,Se presenta una revisión exhaustiva de las últimas investigaciones y avances en el campo de Sistemas Operativos.
00310,Evaluación de rendimiento en inteligencia artificial,2023-08-19,Ofrecemos una guía práctica y detallada para la implementacin exitosa de soluciones de Inteligencia Artificial en entornos reales.
00311,Optimización de procesos mediante aprendizaje automático,2024-06-14,"Se analizan los retos de seguridad, privacidad y éticos asociados con la adopción masiva de Aprendizaje Automático."
00312,Introducción a realidad virtual y aumentada para principiantes,2025-02-07,Se presenta una revisión exhaustiva de las últimas investigaciones y avances en el campo de Realidad Virtual y Aumentada.
00313,Desafíos actuales en big data,2023-07-31,"El presente trabajo detalla una nueva metodología para abordar problemas complejos en Big Data, validada experimentalmente."
00314,Desafíos actuales en sistemas operativos,2024-05-13,"El presente trabajo detalla una nueva metodología para abordar problemas complejos en Sistemas Operativos, validada experimentalmente."
00315,Análisis profundo de big data,2024-04-10,Exploramos la sinergia entre Big Data y Big Data para crear soluciones más robustas y potentes.
00316,Marco de trabajo para computación en la nube escalable,2024-07-22,"El presente trabajo detalla una nueva metodología para abordar problemas complejos en Computación en la Nube, validada experimentalmente."
00317,Nuevas tendencias en internet de las cosas,2025-02-16,Se presenta una revisión exhaustiva de las últimas investigaciones y avances en el campo de Internet de las Cosas.
00318,Desafíos actuales en ciberseguridad,2023-07-31,"Discutimos las ventajas y desventajas de diferentes enfoques en Ciberseguridad y Ciberseguridad, proveyendo una guía comparativa."
00319,Evaluación de rendimiento en teoría de la computación,2024-02-10,"Se analizan los retos de seguridad, privacidad y éticos asociados con la adopción masiva de Teoría de la Computación."
00320,Optimización de procesos mediante internet de las cosas,2024-11-02,"Discutimos las ventajas y desventajas de diferentes enfoques en Internet de las Cosas y Ciberseguridad, proveyendo una guía comparativa."
00321,Evaluación de rendimiento en computación gráfica,2023-08-17,Exploramos la sinergia entre Computación Gráfica y Algoritmos y Estructuras de Datos para crear soluciones más robustas y potentes.
00322,El futuro de ciberseguridad: una perspectiva,2024-12-07,Ofrecemos una guía práctica y detallada para la implementacin exitosa de soluciones de Ciberseguridad en entornos reales.
00323,Optimización de procesos mediante realidad virtual y aumentada,2024-07-08,"El presente trabajo detalla una nueva metodología para abordar problemas complejos en Realidad Virtual y Aumentada, validada experimentalmente."
00324,Estudio comparativo sobre computación en la nube y computación en la nube,2023-12-08,Exploramos la sinergia entre Computación en la Nube y Computación en la Nube para crear soluciones más robustas y potentes.
00325,Introducción a algoritmos y estructuras de datos para principiantes,2024-04-27,"Se analizan los retos de seguridad, privacidad y éticos asociados con la adopción masiva de Algoritmos y Estructuras de Datos."
00326,El futuro de inteligencia artificial: una perspectiva,2024-04-15,Exploramos la sinergia entre Inteligencia Artificial y Internet de las Cosas para crear soluciones más robustas y potentes.
00327,Desafíos actuales en desarrollo web full-stack,2024-04-30,Se propone un marco de trabajo innovador basado en Desarrollo Web Full-Stack para mejorar la eficiencia y reducir costos operativos.
00328,Evaluación de rendimiento en computación gráfica,2024-01-01,Ofrecemos una guía práctica y detallada para la implementacin exitosa de soluciones de Computación Gráfica en entornos reales.
00329,Nuevas tendencias en realidad virtual y aumentada,2023-11-02,"Discutimos las ventajas y desventajas de diferentes enfoques en Realidad Virtual y Aumentada y Realidad Virtual y Aumentada, proveyendo una guía comparativa."
00330,Marco de trabajo para procesamiento de lenguaje natural escalable,2023-07-27,Se propone un marco de trabajo innovador basado en Procesamiento de Lenguaje Natural para mejorar la eficiencia y reducir costos operativos.
00331,Evaluación de rendimiento en redes de computadores,2024-02-02,Se propone un marco de trabajo innovador basado en Redes de Computadores para mejorar la eficiencia y reducir costos operativos.
00332,Seguridad en sistemas de ciberseguridad,2024-10-25,Ofrecemos una guía práctica y detallada para la implementacin exitosa de soluciones de Ciberseguridad en entornos reales.
00333,Optimización de procesos mediante redes de computadores,2023-07-06,Se propone un marco de trabajo innovador basado en Redes de Computadores para mejorar la eficiencia y reducir costos operativos.
00334,Marco de trabajo para internet de las cosas escalable,2024-08-27,Este artículo explora los fundamentos de Internet de las Cosas y sus aplicaciones prácticas en diversos sectores.
00335,El futuro de ingeniería de software: una perspectiva,2024-04-25,Se propone un marco de trabajo innovador basado en Ingeniería de Software para mejorar la eficiencia y reducir costos operativos.
00336,Estudio comparativo sobre ciberseguridad y computación en la nube,2025-03-22,Este artículo explora los fundamentos de Ciberseguridad y sus aplicaciones prácticas en diversos sectores.
00337,Optimización de procesos mediante procesamiento de lenguaje natural,2024-04-29,"El presente trabajo detalla una nueva metodología para abordar problemas complejos en Procesamiento de Lenguaje Natural, validada experimentalmente."
00338,El futuro de teoría de la computación: una perspectiva,2023-08-23,Resultados de un estudio de caso sobre la aplicación de Teoría de la Computación para resolver un problema específico de la industria.
00339,Estudio comparativo sobre blockchain y bases de datos,2025-02-18,Se propone un marco de trabajo innovador basado en Blockchain para mejorar la eficiencia y reducir costos operativos.
00340,Marco de trabajo para computación en la nube escalable,2023-05-07,Exploramos la sinergia entre Computación en la Nube y Sistemas Operativos para crear soluciones más robustas y potentes.
00341,Nuevas tendencias en aprendizaje automático,2023-06-21,Este estudio investiga el impacto de Aprendizaje Automático en el desarrollo tecnológico actual y sus implicaciones futuras.
00342,Nuevas tendencias en visión por computador,2024-07-13,"El presente trabajo detalla una nueva metodología para abordar problemas complejos en Visión por Computador, validada experimentalmente."
00343,Nuevas tendencias en ingeniería de software,2025-04-08,Resultados de un estudio de caso sobre la aplicación de Ingeniería de Software para resolver un problema específico de la industria.
00344,Introducción a bases de datos para principiantes,2024-02-20,Se propone un marco de trabajo innovador basado en Bases de Datos para mejorar la eficiencia y reducir costos operativos.
00345,Optimización de procesos mediante ciberseguridad,2023-05-28,Ofrecemos una guía práctica y detallada para la implementacin exitosa de soluciones de Ciberseguridad en entornos reales.
00346,Evaluación de rendimiento en redes de computadores,2024-08-05,Se presenta una revisión exhaustiva de las últimas investigaciones y avances en el campo de Redes de Computadores.
00347,Optimización de procesos mediante aprendizaje automático,2024-05-09,Resultados de un estudio de caso sobre la aplicación de Aprendizaje Automático para resolver un problema específico de la industria.
00348,Análisis profundo de internet de las cosas,2024-08-23,Exploramos la sinergia entre Internet de las Cosas y Big Data para crear soluciones más robustas y potentes.
00349,Estudio comparativo sobre computación gráfica y internet de las cosas,2025-04-01,Se propone un marco de trabajo innovador basado en Computación Gráfica para mejorar la eficiencia y reducir costos operativos.
00350,El futuro de inteligencia artificial: una perspectiva,2023-09-08,Este artículo explora los fundamentos de Inteligencia Artificial y sus aplicaciones prácticas en diversos sectores.
00351,Implementación de big data en la industria,2024-07-04,Se presenta una revisión exhaustiva de las últimas investigaciones y avances en el campo de Big Data.
00352,Análisis profundo de big data,2023-06-01,Se presenta una revisión exhaustiva de las últimas investigaciones y avances en el campo de Big Data.
00353,Nuevas tendencias en ciberseguridad,2023-12-18,Se propone un marco de trabajo innovador basado en Ciberseguridad para mejorar la eficiencia y reducir costos operativos.
00354,Implementación de teoría de la computación en la industria,2024-12-31,"Discutimos las ventajas y desventajas de diferentes enfoques en Teoría de la Computación y Sistemas Operativos, proveyendo una guía comparativa."
00355,Optimización de procesos mediante blockchain,2023-06-12,"El presente trabajo detalla una nueva metodología para abordar problemas complejos en Blockchain, validada experimentalmente."
00356,Marco de trabajo para blockchain escalable,2024-12-12,Resultados de un estudio de caso sobre la aplicación de Blockchain para resolver un problema específico de la industria.
00357,Introducción a internet de las cosas para principiantes,2024-09-07,"Discutimos las ventajas y desventajas de diferentes enfoques en Internet de las Cosas y Teoría de la Computación, proveyendo una guía comparativa."
00358,Implementación de redes de computadores en la industria,2024-08-13,Este artículo explora los fundamentos de Redes de Computadores y sus aplicaciones prácticas en diversos sectores.
00359,Seguridad en sistemas de aprendizaje automático,2025-02-21,"El presente trabajo detalla una nueva metodología para abordar problemas complejos en Aprendizaje Automático, validada experimentalmente."
00360,El futuro de internet de las cosas: una perspectiva,2023-06-09,Resultados de un estudio de caso sobre la aplicación de Internet de las Cosas para resolver un problema específico de la industria.
00361,Nuevas tendencias en blockchain,2025-01-30,Exploramos la sinergia entre Blockchain y Blockchain para crear soluciones más robustas y potentes.
00362,El futuro de teoría de la computación: una perspectiva,2023-06-03,Este estudio investiga el impacto de Teoría de la Computación en el desarrollo tecnológico actual y sus implicaciones futuras.
00363,Implementación de blockchain en la industria,2024-11-18,Este estudio investiga el impacto de Blockchain en el desarrollo tecnológico actual y sus implicaciones futuras.
00364,Desafíos actuales en big data,2024-05-17,Ofrecemos una guía práctica y detallada para la implementacin exitosa de soluciones de Big Data en entornos reales.
00365,Desafíos actuales en bases de datos,2024-10-27,"Se analizan los retos de seguridad, privacidad y éticos asociados con la adopción masiva de Bases de Datos."
00366,Implementación de redes de computadores en la industria,2025-03-06,"Se analizan los retos de seguridad, privacidad y éticos asociados con la adopción masiva de Redes de Computadores."
00367,Introducción a teoría de la computación para principiantes,2023-10-29,Exploramos la sinergia entre Teoría de la Computación y Teoría de la Computación para crear soluciones más robustas y potentes.
00368,Análisis profundo de computación en la nube,2025-03-02,"Discutimos las ventajas y desventajas de diferentes enfoques en Computación en la Nube y Computación en la Nube, proveyendo una guía comparativa."
00369,Estudio comparativo sobre big data y blockchain,2023-05-18,Resultados de un estudio de caso sobre la aplicación de Big Data para resolver un problema específico de la industria.
00370,Introducción a redes de computadores para principiantes,2024-11-23,"Discutimos las ventajas y desventajas de diferentes enfoques en Redes de Computadores y Algoritmos y Estructuras de Datos, proveyendo una guía comparativa."
00371,Seguridad en sistemas de big data,2023-08-03,Se propone un marco de trabajo innovador basado en Big Data para mejorar la eficiencia y reducir costos operativos.
00372,Implementación de computación gráfica en la industria,2025-03-11,"Discutimos las ventajas y desventajas de diferentes enfoques en Computación Gráfica y Desarrollo Web Full-Stack, proveyendo una guía comparativa."
00373,Estudio comparativo sobre blockchain y teoría de la computación,2024-07-09,Este estudio investiga el impacto de Blockchain en el desarrollo tecnológico actual y sus implicaciones futuras.
00374,Estudio comparativo sobre redes de computadores y ciberseguridad,2023-12-31,"El presente trabajo detalla una nueva metodología para abordar problemas complejos en Redes de Computadores, validada experimentalmente."
00375,Optimización de procesos mediante big data,2024-02-11,Este artículo explora los fundamentos de Big Data y sus aplicaciones prácticas en diversos sectores.
00376,Nuevas tendencias en procesamiento de lenguaje natural,2024-02-23,Se propone un marco de trabajo innovador basado en Procesamiento de Lenguaje Natural para mejorar la eficiencia y reducir costos operativos.
00377,Marco de trabajo para realidad virtual y aumentada escalable,2024-08-06,Este estudio investiga el impacto de Realidad Virtual y Aumentada en el desarrollo tecnológico actual y sus implicaciones futuras.
00378,Aplicaciones prácticas de teoría de la computación con teoría de la computación,2024-09-09,Este artículo explora los fundamentos de Teoría de la Computación y sus aplicaciones prácticas en diversos sectores.
00379,Seguridad en sistemas de sistemas operativos,2023-10-19,Exploramos la sinergia entre Sistemas Operativos y Ingeniería de Software para crear soluciones más robustas y potentes.
00380,Nuevas tendencias en ingeniería de software,2023-05-20,Exploramos la sinergia entre Ingeniería de Software y Ciberseguridad para crear soluciones más robustas y potentes.
00381,Seguridad en sistemas de realidad virtual y aumentada,2024-04-19,Ofrecemos una guía práctica y detallada para la implementacin exitosa de soluciones de Realidad Virtual y Aumentada en entornos reales.
00382,Nuevas tendencias en ciberseguridad,2024-12-19,Se presenta una revisión exhaustiva de las últimas investigaciones y avances en el campo de Ciberseguridad.
00383,El futuro de ciberseguridad: una perspectiva,2023-12-23,Exploramos la sinergia entre Ciberseguridad y Computación en la Nube para crear soluciones más robustas y potentes.
00384,Nuevas tendencias en big data,2024-09-11,Este estudio investiga el impacto de Big Data en el desarrollo tecnológico actual y sus implicaciones futuras.
00385,Nuevas tendencias en bases de datos,2024-10-26,Este artículo explora los fundamentos de Bases de Datos y sus aplicaciones prácticas en diversos sectores.
00386,Implementación de redes de computadores en la industria,2024-02-07,Se propone un marco de trabajo innovador basado en Redes de Computadores para mejorar la eficiencia y reducir costos operativos.
00387,Introducción a desarrollo web full-stack para principiantes,2024-01-02,Ofrecemos una guía práctica y detallada para la implementacin exitosa de soluciones de Desarrollo Web Full-Stack en entornos reales.
00388,Introducción a redes de computadores para principiantes,2023-11-18,"Se analizan los retos de seguridad, privacidad y éticos asociados con la adopción masiva de Redes de Computadores."
00389,Seguridad en sistemas de visión por computador,2024-01-09,Exploramos la sinergia entre Visión por Computador y Procesamiento de Lenguaje Natural para crear soluciones más robustas y potentes.
00390,Marco de trabajo para computación en la nube escalable,2023-05-24,"Se analizan los retos de seguridad, privacidad y éticos asociados con la adopción masiva de Computación en la Nube."
00391,Introducción a aprendizaje automático para principiantes,2024-06-16,Se presenta una revisión exhaustiva de las últimas investigaciones y avances en el campo de Aprendizaje Automático.
00392,Implementación de redes de computadores en la industria,2025-03-17,Resultados de un estudio de caso sobre la aplicación de Redes de Computadores para resolver un problema específico de la industria.
00393,Evaluación de rendimiento en inteligencia artificial,2024-01-19,Este artículo explora los fundamentos de Inteligencia Artificial y sus aplicaciones prácticas en diversos sectores.
00394,Desafíos actuales en computación gráfica,2023-04-27,Ofrecemos una guía práctica y detallada para la implementacin exitosa de soluciones de Computación Gráfica en entornos reales.
00395,Introducción a redes de computadores para principiantes,2024-05-05,Este artículo explora los fundamentos de Redes de Computadores y sus aplicaciones prácticas en diversos sectores.
00396,El futuro de aprendizaje automático: una perspectiva,2023-10-29,Este estudio investiga el impacto de Aprendizaje Automático en el desarrollo tecnológico actual y sus implicaciones futuras.
00397,Análisis profundo de inteligencia artificial,2025-01-17,Este estudio investiga el impacto de Inteligencia Artificial en el desarrollo tecnológico actual y sus implicaciones futuras.
00398,Introducción a aprendizaje automático para principiantes,2023-06-16,Ofrecemos una guía práctica y detallada para la implementacin exitosa de soluciones de Aprendizaje Automático en entornos reales.
00399,Implementación de inteligencia artificial en la industria,2023-12-26,Exploramos la sinergia entre Inteligencia Artificial y Redes de Computadores para crear soluciones más robustas y potentes.
00400,Aplicaciones prácticas de aprendizaje automático con ciberseguridad,2025-03-20,Se propone un marco de trabajo innovador basado en Aprendizaje Automático para mejorar la eficiencia y reducir costos operativos.
00401,Evaluación de rendimiento en sistemas operativos,2023-11-22,Se propone un marco de trabajo innovador basado en Sistemas Operativos para mejorar la eficiencia y reducir costos operativos.
00402,Implementación de aprendizaje automático en la industria,2024-02-22,"El presente trabajo detalla una nueva metodología para abordar problemas complejos en Aprendizaje Automático, validada experimentalmente."
00403,Desafíos actuales en ingeniería de software,2024-11-28,Se propone un marco de trabajo innovador basado en Ingeniería de Software para mejorar la eficiencia y reducir costos operativos.
00404,Optimización de procesos mediante ingeniería de software,2025-01-05,"Discutimos las ventajas y desventajas de diferentes enfoques en Ingeniería de Software y Redes de Computadores, proveyendo una guía comparativa."
00405,Estudio comparativo sobre desarrollo web full-stack y ingeniería de software,2025-01-13,Ofrecemos una guía práctica y detallada para la implementacin exitosa de soluciones de Desarrollo Web Full-Stack en entornos reales.
00406,El futuro de redes de computadores: una perspectiva,2024-07-25,"Discutimos las ventajas y desventajas de diferentes enfoques en Redes de Computadores y Aprendizaje Automático, proveyendo una guía comparativa."
00407,Implementación de redes de computadores en la industria,2023-10-24,Se presenta una revisión exhaustiva de las últimas investigaciones y avances en el campo de Redes de Computadores.
00408,Introducción a redes de computadores para principiantes,2023-06-19,Este artículo explora los fundamentos de Redes de Computadores y sus aplicaciones prácticas en diversos sectores.
00409,Desafíos actuales en aprendizaje automático,2025-03-13,"Se analizan los retos de seguridad, privacidad y éticos asociados con la adopción masiva de Aprendizaje Automático."
00410,Nuevas tendencias en internet de las cosas,2025-01-10,"Se analizan los retos de seguridad, privacidad y éticos asociados con la adopción masiva de Internet de las Cosas."
00411,Nuevas tendencias en ingeniería de software,2023-08-25,"El presente trabajo detalla una nueva metodología para abordar problemas complejos en Ingeniería de Software, validada experimentalmente."
00412,Marco de trabajo para teoría de la computación escalable,2023-12-20,Resultados de un estudio de caso sobre la aplicación de Teoría de la Computación para resolver un problema específico de la industria.
00413,Implementación de teoría de la computación en la industria,2024-05-26,"Discutimos las ventajas y desventajas de diferentes enfoques en Teoría de la Computación y Computación Gráfica, proveyendo una guía comparativa."
00414,Marco de trabajo para inteligencia artificial escalable,2024-09-20,Este artículo explora los fundamentos de Inteligencia Artificial y sus aplicaciones prácticas en diversos sectores.
00415,Marco de trabajo para visión por computador escalable,2023-09-03,Ofrecemos una guía práctica y detallada para la implementacin exitosa de soluciones de Visión por Computador en entornos reales.
00416,Aplicaciones prácticas de procesamiento de lenguaje natural con ingeniería de software,2025-01-26,Resultados de un estudio de caso sobre la aplicación de Procesamiento de Lenguaje Natural para resolver un problema específico de la industria.
00417,Análisis profundo de computación en la nube,2024-10-24,Se presenta una revisión exhaustiva de las últimas investigaciones y avances en el campo de Computación en la Nube.
00418,Marco de trabajo para computación gráfica escalable,2023-10-13,Este estudio investiga el impacto de Computación Gráfica en el desarrollo tecnológico actual y sus implicaciones futuras.
