id_articulo,rut_autor,correo_contacto,userid_contacto,password_contacto
00019,618818306,fernando89@example.net,francisco6188,1039337764de4337a5a75c39d457b49f
00020,995768909,jonathan64@example.com,digna9957,7a87f31695a3427ab3c96f13dae21862
00021,313084701,magdalenarocha@example.org,hernán3130,16c69d0af801478ca7699ef88343fbf2
00022,148900132,luisacastillo@example.com,clemente1489,876438e3292c4234b9e6597294adea74
00023,927664054,fernanda26@example.com,camila9276,70ada92125e54494849c8c13437c0225
00024,59786075,ydiaz@example.org,maría5978,a13245a9502344dcb67d2bb0b7b8251f
00025,84229539,guerradennis@example.org,mario8422,47ef9c23c8f448a993a9167caf6df365
00026,658674617,rodrigo22@example.org,ignacio6586,389afc1ba17a4575a34d7cd47cae64ca
00027,907987434,maricelapino@example.com,rosa9079,f674232918aa4d9898c85319fa320849
00028,755542326,anahiconcha@example.org,josé7555,b4b0dab46334427e96be6cec45cf7779
00029,843379621,toledobarbara@example.org,emilia8433,7901b922a78b47c3ace99d89f59364ad
00030,318510504,jocelyn44@example.org,ivonne3185,5ae85dfc43854295996b4f3b4671fb77
00031,995877090,rcerda@example.com,félix9958,f97524d798ae406da7a543fec06288f5
00032,528582141,alex95@example.org,anahí5285,c34f2789aae44d848e18f22584330da8
00033,313084701,magdalenarocha@example.org,hernán3130,a97c6675b8914e27960506210cb14b65
00034,605012833,mateofuentes@example.com,norma6050,f42fc53c6fb04fdbac95d739cacde000
00035,59463039,correahernan@example.com,mónica5946,18461cfda47a492fade53ee3c04d17ff
00036,313084701,magdalenarocha@example.org,hernán3130,cbcae32a1451456bacb16663e866b053
00037,757490609,segueldaniel@example.org,martín7574,72318d2eddbe4df8a89db67b1f72c66d
00038,59463039,correahernan@example.com,mónica5946,b6b637c1d8c342b080135c5c53018eb6
00039,406592227,patricioramirez@example.com,marlene4065,edc2a205522848ef8c09c18620ba99a7
00040,907987434,maricelapino@example.com,rosa9079,6aa4821af1474e82be11089f23d5e81b
00041,365342156,olgamoreno@example.org,maría3653,574c7298ded047acbac7a847c849f47d
00042,907987434,maricelapino@example.com,rosa9079,59f51814301b42f59c11c2139435efff
00043,338494726,jacqueline56@example.com,carmen3384,dd83870f8ff84d4cb60e8b6aa5ecfcc2
00044,927664054,fernanda26@example.com,camila9276,4477e51718534460b7aa9fb6a87dcd14
00045,528582141,alex95@example.org,anahí5285,d9b2e710dfdd4e33894fefb0204877a0
00046,367930217,irenepalma@example.net,ezequiel3679,40d0c3d4a8084b2c8863d96102161e56
00047,927664054,fernanda26@example.com,camila9276,a69be975921245e4acf4c6f559b1adf1
00048,571600501,zavalapascual@example.org,valentina5716,cdba74cf34c94a7e82992f1373987967
00049,995877090,rcerda@example.com,félix9958,735ec84e3c4243acb6519ea9c22cb5e3
00050,97024073K,lobossolange@example.com,david9702,ae69b4814c1d4ad69702f80937a44a5c
00051,61617612,munozsebastian@example.com,david6161,1032bb9935e64965af3a13d20ab146c6
00052,578806121,josevaldes@example.org,augusto5788,81f91e3d5072477aa230057d28e30430
00053,127514402,ngonzalez@example.com,víctor1275,f76b36f011ff4d519f6e6946cc80fe93
00054,757490609,segueldaniel@example.org,martín7574,7a78b58210614f4c98669cc76b4f7bb8
00055,990691363,lealana@example.com,hipólito9906,a6582db5756a42809b30e30076161e22
00056,385296797,natalia39@example.org,héctor3852,8303ee2d50244fee885fd1848aa7de51
00057,61617612,munozsebastian@example.com,david6161,f38825d797e7481db79e5a06671d7a6d
00058,251910464,zcontreras@example.org,marcela2519,1cb6e77c1efa489ba5e11419aadaeb91
00059,995768909,jonathan64@example.com,digna9957,0ecabbd40b3c41ef99b5a12c337b5f52
00060,424254657,astudillobenjamin@example.com,fernanda4242,dcf5ea4449934eb39f6daecdb7e367bc
00061,406592227,patricioramirez@example.com,marlene4065,1d2559ec86804c9186415c4f069086e4
00062,313084701,magdalenarocha@example.org,hernán3130,1419dbdb8bd047279ca28508d4034f86
00063,605012833,mateofuentes@example.com,norma6050,d3f6d163cc39419b918bf280aef1355e
00064,866625018,hidalgoamaya@example.org,juan8666,8f1b478a4e674f9999a76c099f9d5542
00065,843379621,toledobarbara@example.org,emilia8433,ca42a0748f5044bfb06db455847d0764
00066,578806121,josevaldes@example.org,augusto5788,c560e4dc0688431a970b9d74bee81cfd
00067,481118921,blancamoreno@example.net,alejandro4811,5df5f858d54b47e38d61d2e2949509c0
00068,866625018,hidalgoamaya@example.org,juan8666,d16a0d2c86a4429da20069b566119132
00069,549670423,ysoto@example.net,luisa5496,fba993b4f03c46fcab410189cec1ac2d
00070,128650806,ignaciahenriquez@example.org,freddy1286,ac398f9a799f4265aa86f7d15d26fe4e
00071,128650806,ignaciahenriquez@example.org,freddy1286,8e5d38c2eb804c76bb5bbdbd44d453a5
00072,578806121,josevaldes@example.org,augusto5788,e35400dc63d64fce8f4610ccbf09a43b
00073,907987434,maricelapino@example.com,rosa9079,610df0b0dd764374b51038fc5b889861
00074,84229539,guerradennis@example.org,mario8422,61e57a9897a448d1a510341018a8f28f
00075,605012833,mateofuentes@example.com,norma6050,8790c51efcc84491a6d62559f44fd419
00076,148900132,luisacastillo@example.com,clemente1489,2c6d968509b44b66b4ca28f0bcead766
00077,381655709,njara@example.org,ángel3816,5cceb056d6b8485d9aca76e1e3b1bee5
00078,986952748,eduardobrito@example.net,thiare9869,a86eeff747344e8f9be8d1d0fb261ec2
00079,406592227,patricioramirez@example.com,marlene4065,d1b63eccda944f7daee0af753586afd6
00080,84229539,guerradennis@example.org,mario8422,7ff25b74188c4c0a897d200aa30b3308
00081,986952748,eduardobrito@example.net,thiare9869,db19aab8b2804d89a96a928ac603698b
00082,313084701,magdalenarocha@example.org,hernán3130,93e282e456104400bbf1c64fa398eae3
00083,55527679,lalvarez@example.com,fabiola5552,80d8df173c204233b58dd72f192db4fb
00084,89112063K,carolina13@example.com,nicole8911,000a9ff1df264e1b8caf1dfc243f302d
00085,755542326,anahiconcha@example.org,josé7555,47024f23b1da4b63a7abad16878e4778
00086,385296797,natalia39@example.org,héctor3852,3da4131969304f7c85e5b641c2880133
00087,528582141,alex95@example.org,anahí5285,b8496cfd42fd47b5a00cd7b2c70f83b4
00088,238136512,marisolmorales@example.com,joaquín2381,44ce219121aa4793a43ae63ee8e365d8
00089,907987434,maricelapino@example.com,rosa9079,79e7c5fb25dd4169b6df947dae6cb052
00090,757490609,segueldaniel@example.org,martín7574,b9d9b770bd3742ba913e978e22a33a07
00091,313084701,magdalenarocha@example.org,hernán3130,27d82430b0ad4388a2d185bc0185dc9f
00092,318510504,jocelyn44@example.org,ivonne3185,d335c66810b349bb986a062b5ed4df52
00093,338494726,jacqueline56@example.com,carmen3384,29a3d9caa3a8491ea51d571182e79d31
00094,481118921,blancamoreno@example.net,alejandro4811,c8a24adf8f2349b49ca13967887fa4d5
00095,857158210,lazcanovicente@example.org,ana8571,b1b77d1ae89a4cdaa577b18a5f9c54e1
00096,990691363,lealana@example.com,hipólito9906,141bb36abe1e462cbdc6e91607f8eb3c
00097,251910464,zcontreras@example.org,marcela2519,e9ac68611c29426c96085e8fa5ee71ae
00098,447578611,alarconricardo@example.org,mónica4475,f1dd8f7e44784d5a872a8fd130280761
00099,578806121,josevaldes@example.org,augusto5788,01fc69d6de934814aed75f4fee4f57a8
00100,84229539,guerradennis@example.org,mario8422,c32827a5af2e4c6c8a9f51fcd45a54a9
00101,367930217,irenepalma@example.net,ezequiel3679,894c3cf07943448c9917339c94db51bc
00102,571600501,zavalapascual@example.org,valentina5716,6f07005feb7b44ffb462988dbbbdd45f
00103,528582141,alex95@example.org,anahí5285,8f3b6597a100475399a0bfdd870cda75
00104,995768909,jonathan64@example.com,digna9957,f70ed9a713d9458e8c35cf37960aa862
00105,995768909,jonathan64@example.com,digna9957,2441f805f3674d91bdf76e3a1a549b0f
00106,986952748,eduardobrito@example.net,thiare9869,2ce23da58de34908a689bfdea002a4ab
00107,927664054,fernanda26@example.com,camila9276,4f7ca39d950c49c4a609d4762502d1fc
00108,89112063K,carolina13@example.com,nicole8911,1210ee642aa248a79ea6344d5b85babd
00109,777649086,luis68@example.com,ingrid7776,e7e82be0b72a4e1e8103dd7acf76903f
00110,927664054,fernanda26@example.com,camila9276,d34383d044224f53b5e63d6d1438cea6
00111,755542326,anahiconcha@example.org,josé7555,b41ddb07849a4183a21f3b78e8d82f10
00112,866625018,hidalgoamaya@example.org,juan8666,dffce90d93f74658822f408fa40df8e8
00113,658674617,rodrigo22@example.org,ignacio6586,caff0daa742042afa7e5f43972be1ff6
00114,406592227,patricioramirez@example.com,marlene4065,9dfe249919e34a69a0eb7d9cdd37d1cf
00115,128650806,ignaciahenriquez@example.org,freddy1286,8f52919890f54c33a0a3da2754a79f82
00116,618818306,fernando89@example.net,francisco6188,aa5460cf3ad049e69a7b61adee1dd3f0
00117,990691363,lealana@example.com,hipólito9906,545a0c056df8451ea6e5bf2e229f56ed
00118,755542326,anahiconcha@example.org,josé7555,6c0ff3d2466a41c1b1b2745fa6c41e6f
00119,528582141,alex95@example.org,anahí5285,7a669aa6d30e4d42820716d5a7a3bc0f
00120,447578611,alarconricardo@example.org,mónica4475,e83564e835284694ad9fa26a19307c3c
00121,578806121,josevaldes@example.org,augusto5788,47a9ed2f7f884cde876e618a937ed71f
00122,605012833,mateofuentes@example.com,norma6050,8fb25bb983154171b34709b558add710
00123,658674617,rodrigo22@example.org,ignacio6586,35f4b481d51944ddbaf99d5bfbdbdf6a
00124,995877090,rcerda@example.com,félix9958,fff4d12e0a624072bb243a8b26d1c68c
00125,578806121,josevaldes@example.org,augusto5788,0d1ebbeb0577425585e5c16254269539
00126,59463039,correahernan@example.com,mónica5946,9a9035d056cb4a7b91294773ee8d5e84
00127,755542326,anahiconcha@example.org,josé7555,b45bc8d10ff4473cb0675483318c4f7b
00128,59786075,ydiaz@example.org,maría5978,a159bbf7d74f4b30acbe73f38629379c
00129,808735865,ignacio97@example.com,jennifer8087,8e4f5ffcb979444999839b7aba0cdbd2
00130,447578611,alarconricardo@example.org,mónica4475,d4720da4825c478b8bf93480a8bbd485
00131,528582141,alex95@example.org,anahí5285,a57bafcc921a4ab9a3e8851cbdaf63d1
00132,990691363,lealana@example.com,hipólito9906,5a92a84d58a54a4a8cfca0f7e13d27e5
00133,338494726,jacqueline56@example.com,carmen3384,2c36062dd35942e79a21f63c4d330d95
00134,61617612,munozsebastian@example.com,david6161,a579d2df90d64f3ea299ebde8cde744b
00135,927664054,fernanda26@example.com,camila9276,069b0237668d499fb7870d0f64d14c9d
00136,618818306,fernando89@example.net,francisco6188,cb768a2e54c44205bfe2158787a2734a
00137,777649086,luis68@example.com,ingrid7776,75e8b09b7b9f4c6fb37ab3e658b43b2e
00138,127514402,ngonzalez@example.com,víctor1275,f550ecafe67a499280eabf622bb7fa04
00139,528582141,alex95@example.org,anahí5285,7000c4ac2e3741c48d9bdcee5d86b461
00140,995877090,rcerda@example.com,félix9958,c7c0055ac7aa4ec7a1379c4558e6e045
00141,578806121,josevaldes@example.org,augusto5788,adbad714246342d496d24273aab0fc3d
00142,59463039,correahernan@example.com,mónica5946,a6d43990b2424fb5af10273ee96e6fda
00143,757490609,segueldaniel@example.org,martín7574,fcd2830d0d9147cba07e0c2f413f6209
00144,148900132,luisacastillo@example.com,clemente1489,93aa99b1c4b241379e0c937f339b0770
00145,424254657,astudillobenjamin@example.com,fernanda4242,b99e1e737e9f4e42a0c45af85a2c9f69
00146,900031475,santos89@example.net,juan9000,811d32843b664fda8f6de30e5c37355d
00147,55527679,lalvarez@example.com,fabiola5552,2951b9c110a045519f4e4281e72f66db
00148,843379621,toledobarbara@example.org,emilia8433,5e3f9971988c451d8ffaedfb807bbd4b
00149,84229539,guerradennis@example.org,mario8422,9e87a866a6c0414ca43dc36ed50c15cd
00150,385296797,natalia39@example.org,héctor3852,c1a890d4814a40debd4e25958d8fc312
00151,385296797,natalia39@example.org,héctor3852,066d442517fc443cbb4d2c9a8c6a20a1
00152,990691363,lealana@example.com,hipólito9906,6e432ed614234a6da3e0f5e99234fc0e
00153,843379621,toledobarbara@example.org,emilia8433,ac93927339c4427788f2ea4d8a9de135
00154,750691005,lbaeza@example.org,florencia7506,74f3c25f5b3845a4b787e5cc6750e775
00155,995877090,rcerda@example.com,félix9958,df4d28b7d20b4ebeaaba4acc72b3ee49
00156,365342156,olgamoreno@example.org,maría3653,132728424bd64510b49b4427cfd3199a
00157,481118921,blancamoreno@example.net,alejandro4811,9c58c938b8474c5086493a815b2ba095
00158,757490609,segueldaniel@example.org,martín7574,2cddf75c57a64263963fa0890933d0b4
00159,47058369K,opavez@example.com,jesús4705,f7d5d4dc20174054a4b826599b4cc6ab
00160,385296797,natalia39@example.org,héctor3852,2db4827c4580432a8d5f22fdd87789a8
00161,55527679,lalvarez@example.com,fabiola5552,c1400332ce914dc59bcd8e2d6f56ce90
00162,47058369K,opavez@example.com,jesús4705,1246c72ff26f4e42a192c267ab106b36
00163,843379621,toledobarbara@example.org,emilia8433,28c5a87abdac4dd98960b9e017e3975c
00164,313084701,magdalenarocha@example.org,hernán3130,9a0439c3e72d46c0b115f3f75860298e
00165,658674617,rodrigo22@example.org,ignacio6586,7700231f92944a9ca94d8f1f1e9e7561
00166,61403419K,renatomontero@example.org,benjamín6140,93f8b1a3ea8841d6b1d0aa485276155f
00167,365342156,olgamoreno@example.org,maría3653,5dd584e44c554f138c8870768d9241c9
00168,658674617,rodrigo22@example.org,ignacio6586,3319a447c16144c1b46e7fc018a3dd00
00169,808735865,ignacio97@example.com,jennifer8087,f0a1f454b25144c88b9aeaa2e9db6236
00170,990691363,lealana@example.com,hipólito9906,d17bd3aa555d44e2bde0bf764f62919d
00171,127514402,ngonzalez@example.com,víctor1275,ba8c427cf9fd409fa2085ca80f2b432b
00172,857158210,lazcanovicente@example.org,ana8571,9c9e9420769a40c080054ce7a3b68002
00173,84229539,guerradennis@example.org,mario8422,f90a167600284ea7aa6c3616fa9c0dda
00174,89112063K,carolina13@example.com,nicole8911,f37b4a075b8e4eeea1bde996f87377d8
00175,900031475,santos89@example.net,juan9000,12f3e54f59444f7ab35bb492c460f52c
00176,313084701,magdalenarocha@example.org,hernán3130,81d0ece6d67341829fee931ae24d2691
00177,995768909,jonathan64@example.com,digna9957,bcc7968477c9479784eac20014943827
00178,549670423,ysoto@example.net,luisa5496,cc9fabad9cbe4b469a4a33b2d2306c5c
00179,84229539,guerradennis@example.org,mario8422,2f492dd8523845289f7135891efb2bc6
00180,470697504,clementinamatus@example.com,violeta4706,d9e4d498d8ec477e8cadaca8b106316a
00181,995877090,rcerda@example.com,félix9958,00184a73672f470485fa94a13465ed29
00182,367930217,irenepalma@example.net,ezequiel3679,1a676d8825b948929efb253a614ef980
00183,338494726,jacqueline56@example.com,carmen3384,181968235d474b6c8b6f8bd21b1e3a86
00184,578806121,josevaldes@example.org,augusto5788,d1f3b3712cc543e2b3cfa27067f7addc
00185,528582141,alex95@example.org,anahí5285,560df0109a624cdf8c2304b416fde6b7
00186,367930217,irenepalma@example.net,ezequiel3679,6d40f0dfd61040c688adae5828c02c08
00187,618818306,fernando89@example.net,francisco6188,f01d1b798132479f8a58eb503fad75b6
00188,777649086,luis68@example.com,ingrid7776,0ea7a4ffdd624da4bb676b4abc1d2907
00189,658674617,rodrigo22@example.org,ignacio6586,7117d2774ce2401aa5578bb749e32799
00190,84229539,guerradennis@example.org,mario8422,2b7bdd30922a4e8a87684079bba807e4
00191,750691005,lbaeza@example.org,florencia7506,65f148a81e284ac280600a57c79aee11
00192,318510504,jocelyn44@example.org,ivonne3185,831d703d36624e6eaf5a324157062ecb
00193,61617612,munozsebastian@example.com,david6161,e424af469e9d4de7983ee5849740ba99
00194,528582141,alex95@example.org,anahí5285,9e213180b22f4d8eb22055c726cff419
00195,61403419K,renatomontero@example.org,benjamín6140,7ce8b2fb5a5d444f9537bbbaeb1ad2ca
00196,365342156,olgamoreno@example.org,maría3653,fc42724a507a418ea0b01dba7f07a07e
00197,381655709,njara@example.org,ángel3816,02a64db4d5af4ba49832b1ec0c7df4e4
00198,995768909,jonathan64@example.com,digna9957,41a7c22f5abe42a4a552ca1bfafd873b
00199,338494726,jacqueline56@example.com,carmen3384,76079f12f2bd409a9890134ff796a9e1
00200,900031475,santos89@example.net,juan9000,388665d17df447cb8570f05feb59ff68
00201,755542326,anahiconcha@example.org,josé7555,d6fac572646b4f31830758f6ba9426a6
00202,251910464,zcontreras@example.org,marcela2519,0c76717845a54326958079e572b6eeeb
00203,59786075,ydiaz@example.org,maría5978,1c199115a51344fe8228b96d39c12361
00204,55527679,lalvarez@example.com,fabiola5552,2c3e8e0b2e18497bb70b7ed8f4b58de1
00205,424254657,astudillobenjamin@example.com,fernanda4242,2e93387a77604fceb0b5c2cb543a68d8
00206,755542326,anahiconcha@example.org,josé7555,1081192a5e61415ab811ec1fe819c594
00207,406592227,patricioramirez@example.com,marlene4065,0787f03172444a488a296569aa7dc5db
00208,55527679,lalvarez@example.com,fabiola5552,63f2fdcb21324e1dbf8aa49b580e4b64
00209,84229539,guerradennis@example.org,mario8422,459b038c648e40d089ea22c829a414e6
00210,755542326,anahiconcha@example.org,josé7555,51fbb73036654d308d548cd2de3f9934
00211,571600501,zavalapascual@example.org,valentina5716,7e0aa28ad855407ea77d3d2df3c6dccd
00212,470697504,clementinamatus@example.com,violeta4706,8bf0b940937a46dfb3e57f669c087889
00213,467222600,agonzalez@example.org,olivia4672,9fd241bc50304d8b902b736addc7c97d
00214,127514402,ngonzalez@example.com,víctor1275,db72e5ba2a4641a3be8bcca434c0685a
00215,47058369K,opavez@example.com,jesús4705,4969280dfa18420aa88e59d39305505e
00216,578806121,josevaldes@example.org,augusto5788,a957efd1365244a68d45711f194d54aa
00217,900031475,santos89@example.net,juan9000,8575630b40d145eaab006e738eb000c7
00218,55527679,lalvarez@example.com,fabiola5552,14f09e069feb4bc8856cac21bbec1fc0
00219,406592227,patricioramirez@example.com,marlene4065,2f9f7e2566b8474989b191e1cd80fed3
00220,424254657,astudillobenjamin@example.com,fernanda4242,bd92993850e74e79a0dc77b7744eb9cb
00221,866625018,hidalgoamaya@example.org,juan8666,acce44814bf14df7a7e2013605d6628b
00222,618818306,fernando89@example.net,francisco6188,4dbe236d03724e45bd4843aa84529caf
00223,97024073K,lobossolange@example.com,david9702,b9d0a646cdd7409393062c902d50d46f
00224,47058369K,opavez@example.com,jesús4705,562c351af45947e18cfe03a0ae0bfe9a
00225,148900132,luisacastillo@example.com,clemente1489,aa7a3a1ab6994be88418152db4a06964
00226,84229539,guerradennis@example.org,mario8422,a4109876dd7b4fdf8411a08ceca2d9bc
00227,238136512,marisolmorales@example.com,joaquín2381,59589d0513f3484caeeb23cc8483d430
00228,336977762,contrerasmonica@example.net,camila3369,018e04cde0824cc8b1801c86754e2cff
00229,406592227,patricioramirez@example.com,marlene4065,282d0b1d55fd4f05b51608e6cecc1c31
00230,365342156,olgamoreno@example.org,maría3653,8c4cacea334d4ebd88cb7e54619d908d
00231,61617612,munozsebastian@example.com,david6161,85d5a4f4615d4c8ba47ede49f919950a
00232,385296797,natalia39@example.org,héctor3852,d1245bf661224786b924c31bf6c8cf32
00233,336977762,contrerasmonica@example.net,camila3369,75b59f19eea4410594e4ae105f9c1b64
00234,385296797,natalia39@example.org,héctor3852,1968f7655faa44cebaa5b11c8179cf0b
00235,750691005,lbaeza@example.org,florencia7506,77dea00487814273b4412005a8c5e85a
00236,424254657,astudillobenjamin@example.com,fernanda4242,7078512d515d41b5b9ba0d961e369f74
00237,990691363,lealana@example.com,hipólito9906,26ae325c087840c18940529e05f83c40
00238,481118921,blancamoreno@example.net,alejandro4811,39ab22905b29413eb8465e158d20f17b
00239,406592227,patricioramirez@example.com,marlene4065,05326d4104564f50b623af86d6273f0a
00240,750691005,lbaeza@example.org,florencia7506,c70a24202b9349d4830f5024bd85862c
00241,89112063K,carolina13@example.com,nicole8911,c746d5c0300d403c955632c32d7eeb14
00242,571600501,zavalapascual@example.org,valentina5716,428508ddf796453f99b15f4f8d5ad59c
00243,447578611,alarconricardo@example.org,mónica4475,6a2aac26c0f247989654bf25aa27d5a9
00244,148900132,luisacastillo@example.com,clemente1489,523ca3169e1f4c6f8f7110a18ee033ae
00245,128650806,ignaciahenriquez@example.org,freddy1286,9dd7bde2017844fc9e1d92fbcf38d471
00246,755542326,anahiconcha@example.org,josé7555,866e702249a44aa4850cb4c855c953b4
00247,757490609,segueldaniel@example.org,martín7574,87f54ec5ec1641b280f24b3a60a477cd
00248,571600501,zavalapascual@example.org,valentina5716,7b5b45aee16c4bcfb7ff041b9079d186
00249,336977762,contrerasmonica@example.net,camila3369,09820099cf7b45b7b3f03475fd61adf0
00250,251910464,zcontreras@example.org,marcela2519,e641a6fa459c43ca86652b368fbfe29c
00251,843379621,toledobarbara@example.org,emilia8433,95e6ac5b51034b099cb965e97c8f5458
00252,84229539,guerradennis@example.org,mario8422,88ea7b5cac1c43739ea514926864c2b4
00253,571600501,zavalapascual@example.org,valentina5716,a572a9d501974d219be4b2c7e6343068
00254,251910464,zcontreras@example.org,marcela2519,6dab4776bd8e480486ff2dfd65e5ecc4
00255,990691363,lealana@example.com,hipólito9906,f0a2b8ca3cb0476e962a70f4b320ca45
00256,990691363,lealana@example.com,hipólito9906,ad16c5441b8e488887059b3151371d6c
00257,338494726,jacqueline56@example.com,carmen3384,74dd23045d8644e1beb37094171bef7e
00258,857158210,lazcanovicente@example.org,ana8571,5451ac13c4bb4baa86eb355ad31ab7e0
00259,336977762,contrerasmonica@example.net,camila3369,b03fdae836e34f2381a14f02dca8b5ed
00260,59786075,ydiaz@example.org,maría5978,be088e992fbd460eb65f186ab6ed1fa5
00261,927664054,fernanda26@example.com,camila9276,81311966bf564960b4fb347a43e32f13
00262,900031475,santos89@example.net,juan9000,8a3d74e071094afc8cd9d7077b5da1ea
00263,47058369K,opavez@example.com,jesús4705,1cfcc83c713745df80cc5fbfa3af5520
00264,986952748,eduardobrito@example.net,thiare9869,e8d78fcd779345d091bf819ebdcc30a6
00265,528582141,alex95@example.org,anahí5285,bbc2b037941a41438dd5221e17370316
00266,367930217,irenepalma@example.net,ezequiel3679,c5f495f05b0b4dd48e74d7b5485a8a62
00267,89112063K,carolina13@example.com,nicole8911,3ff1773a472e4c279f567bdb32a45aad
00268,900031475,santos89@example.net,juan9000,95108aacc808408da2850c107c58bf14
00269,55527679,lalvarez@example.com,fabiola5552,7d40e05150f14e82a3262fff2de2c421
00270,481118921,blancamoreno@example.net,alejandro4811,070200b9a52a4318a80f290b4fa75048
00271,995877090,rcerda@example.com,félix9958,f2dea34b99284c8d83484eb4891a17f6
00272,750691005,lbaeza@example.org,florencia7506,ac111e574aca4cfaa176c55269541b38
00273,61617612,munozsebastian@example.com,david6161,20bd97dd3d1a42f1bbab10899a89bb46
00274,857158210,lazcanovicente@example.org,ana8571,59334ccc3c3d4d1ab1fbf1bdeb6d5ee0
00275,89112063K,carolina13@example.com,nicole8911,afedb0bb7183488ab18134c48b0fc346
00276,900031475,santos89@example.net,juan9000,b74c04a48de14a43938027ca2d51bbea
00277,757490609,segueldaniel@example.org,martín7574,ac513afd33004a4a87a8693969d69c24
00278,251910464,zcontreras@example.org,marcela2519,a2a866906d0c47c297982e5e9b1f28ca
00279,549670423,ysoto@example.net,luisa5496,cd3f1971760540b5ae96f2de40c80078
00280,84229539,guerradennis@example.org,mario8422,5ad9077516664a4e8004b4715762415d
00281,986952748,eduardobrito@example.net,thiare9869,ed05a74aa3fb4619ae6381240ba8f378
00282,148900132,luisacastillo@example.com,clemente1489,1c52a21eba0d4ea489f1890e6dbdb6b5
00283,470697504,clementinamatus@example.com,violeta4706,d9798f1ca8f44e55b6b381c49ef04517
00284,238136512,marisolmorales@example.com,joaquín2381,dcd85e7cd9d741e3b330b404524f0c85
00285,467222600,agonzalez@example.org,olivia4672,a40a82ed50e543bfb427c1a1cb4c3505
00286,59786075,ydiaz@example.org,maría5978,8533e11975ab454caa234fe60e601305
00287,59463039,correahernan@example.com,mónica5946,483976bbf25c41aab9c57b89af27cede
00288,367930217,irenepalma@example.net,ezequiel3679,fcd32f6c80114c1fb1f5fb6255b416f7
00289,406592227,patricioramirez@example.com,marlene4065,b2bc1bdaeeb84c06ad965ba40ec1e11f
00290,251910464,zcontreras@example.org,marcela2519,422eac32f7cb4d9bbf47c71cc8d2ff17
00291,338494726,jacqueline56@example.com,carmen3384,7b0ab85d280c4aad83ba18dc2660d2a7
00292,900031475,santos89@example.net,juan9000,8886e36f4def4c19a6f71eb6cd249f07
00293,59786075,ydiaz@example.org,maría5978,8fce0fdb302c4b399ef24cb9723d3036
00294,750691005,lbaeza@example.org,florencia7506,fefa9355eb5a455e98f76ddde7c4c487
00295,128650806,ignaciahenriquez@example.org,freddy1286,ba7bcfd479c84265a0e3844986db0601
00296,900031475,santos89@example.net,juan9000,d0354497fb5141788504ec51f1324c59
00297,424254657,astudillobenjamin@example.com,fernanda4242,910ac6f518f644988bb0fc237dae4a04
00298,338494726,jacqueline56@example.com,carmen3384,32eec8617eff4b7eadd61ffd53322ae4
00299,866625018,hidalgoamaya@example.org,juan8666,cd9a018e38c64700b1f296183f2d8168
00300,571600501,zavalapascual@example.org,valentina5716,d5db2897790f48a4961ac6daf61c9236
00301,385296797,natalia39@example.org,héctor3852,65a6c3cee04a49098b1892c7a6dd1cb7
00302,578806121,josevaldes@example.org,augusto5788,48a8671a70e0413194928fa3b8f6fe64
00303,618818306,fernando89@example.net,francisco6188,385d837f594c48c488eb65e1d8caf3d8
00304,571600501,zavalapascual@example.org,valentina5716,6c99588fabbe4071bf9ca1a2e299d417
00305,467222600,agonzalez@example.org,olivia4672,66deb4df6ff341b4b468eb71f47988c6
00306,59786075,ydiaz@example.org,maría5978,7c0920348fd74ff88fe1b6d443e8ad90
00307,251910464,zcontreras@example.org,marcela2519,c0b017248d7c4e339026e45dbcceeb00
00308,549670423,ysoto@example.net,luisa5496,bc6a27aacd5b44bc9900f7c49d9da37e
00309,59786075,ydiaz@example.org,maría5978,e8a9770ad69043acb1f4a8df115cc63c
00310,238136512,marisolmorales@example.com,joaquín2381,98ed5c78f7714e29aee3bc6cc44b49fd
00311,755542326,anahiconcha@example.org,josé7555,19d717db37974a6fa3b07a435d45677c
00312,47058369K,opavez@example.com,jesús4705,a02dc16f5ff649579d41324b45c8d606
00313,97024073K,lobossolange@example.com,david9702,5ed9983d6db346359fccb406de6f3fc0
00314,808735865,ignacio97@example.com,jennifer8087,a213b37463b740ad83919c4db4f8ea32
00315,605012833,mateofuentes@example.com,norma6050,3c95dcd9f07f43aa9008cdb6c7b0c818
00316,866625018,hidalgoamaya@example.org,juan8666,b76bf795ae364817858bada809a807de
00317,808735865,ignacio97@example.com,jennifer8087,bdc5e767affb4f858454e9fae8f16588
00318,338494726,jacqueline56@example.com,carmen3384,aabb6f7ac7a8492d8ef49db519b30e6d
00319,605012833,mateofuentes@example.com,norma6050,f7e1014c871349e4a8dba6fc430dde09
00320,777649086,luis68@example.com,ingrid7776,1f71f244904b4f57889812867a6e8eec
00321,336977762,contrerasmonica@example.net,camila3369,7c6306d8633342418949fc22758436d3
00322,365342156,olgamoreno@example.org,maría3653,89766b46d91349689d0f0d0ae7f69b44
00323,336977762,contrerasmonica@example.net,camila3369,9ebb643090f146b2870e2cd529d4e156
00324,55527679,lalvarez@example.com,fabiola5552,f8dccb601a5645c7aa5c1b205146c40c
00325,995877090,rcerda@example.com,félix9958,203598154b5f4ba69f52204802261e6d
00326,986952748,eduardobrito@example.net,thiare9869,adf3ecebbeb6484681af8ddc992cd3a8
00327,365342156,olgamoreno@example.org,maría3653,154ba6f82afb4e578502999275879e33
00328,995877090,rcerda@example.com,félix9958,42e372cc79d9484e88d8c261cc69207e
00329,481118921,blancamoreno@example.net,alejandro4811,20b379a71b43482c954be354db9dbb74
00330,447578611,alarconricardo@example.org,mónica4475,7cb34b8251fe40d487830fc3adae644c
00331,605012833,mateofuentes@example.com,norma6050,ac6e59e76c7640569077c04100d9d082
00332,318510504,jocelyn44@example.org,ivonne3185,feee9661377d430eaf82d614ad50c7da
00333,97024073K,lobossolange@example.com,david9702,0519c66b98d9425fb608f4cc828a9a20
00334,385296797,natalia39@example.org,héctor3852,e2921eb3943740d187760b66817900e2
00335,995877090,rcerda@example.com,félix9958,0995bdf6295f4c7981fc8781b860ebc7
00336,59463039,correahernan@example.com,mónica5946,7048b5bbdb1142f3bbd925c041df34c2
00337,605012833,mateofuentes@example.com,norma6050,58a14df6f7ca48a8bfc4d7ce1f80c8df
00338,578806121,josevaldes@example.org,augusto5788,5ed0c77c5b744588a7994cecee48f449
00339,467222600,agonzalez@example.org,olivia4672,3edc7d468d1d48568c2e422bdb5ff055
00340,549670423,ysoto@example.net,luisa5496,856312d8fa11410c87a2b7368fda3d11
00341,97024073K,lobossolange@example.com,david9702,797977fe8fab45f5aa4be85430a6ee07
00342,61617612,munozsebastian@example.com,david6161,3c74600021374caab6b9b9d142f04923
00343,528582141,alex95@example.org,anahí5285,b0cdf16465624dbc836f78b54aed9d69
00344,528582141,alex95@example.org,anahí5285,a0d006a982694002915ade3080e94b3c
00345,127514402,ngonzalez@example.com,víctor1275,52bc9fd6535c4cdc882c125ec20273bf
00346,406592227,patricioramirez@example.com,marlene4065,4d4f90c342e44251a53be1384549eb28
00347,89112063K,carolina13@example.com,nicole8911,6abe6eb551e84ec3b3bf9639ab5575ef
00348,618818306,fernando89@example.net,francisco6188,d419c28833b0462cb40c74249939f245
00349,97024073K,lobossolange@example.com,david9702,6f397c65658c4fd0a605cbeb285ca5ed
00350,47058369K,opavez@example.com,jesús4705,cb8b1d0cdb0d441b9f68cf3af0cd3530
00351,467222600,agonzalez@example.org,olivia4672,a986a7751b5445b5a1815daec7c4b992
00352,338494726,jacqueline56@example.com,carmen3384,638995a6dc9b4a54baf949ebb2d77d80
00353,385296797,natalia39@example.org,héctor3852,5dc2409bd7fd4c79b8a058b99570af6d
00354,385296797,natalia39@example.org,héctor3852,6730c710fb354a998725e02feaf1bfee
00355,381655709,njara@example.org,ángel3816,89d5ebeed5ab4ce7abee95d1c7924fbe
00356,549670423,ysoto@example.net,luisa5496,fa5f7f9784ba454ba86e2d636470aa93
00357,61403419K,renatomontero@example.org,benjamín6140,97e0641af8c240de8e9916a53c22fce6
00358,995768909,jonathan64@example.com,digna9957,cc72a46d759944a4a06e652cb4a2ef77
00359,843379621,toledobarbara@example.org,emilia8433,c263080189324d638956c761af193302
00360,467222600,agonzalez@example.org,olivia4672,2094810a9df24d418e13caa78ffb3c63
00361,750691005,lbaeza@example.org,florencia7506,1e980741f0da4021b9217630c57c84de
00362,313084701,magdalenarocha@example.org,hernán3130,57308d5234f54093a1d78a5a58e4a235
00363,318510504,jocelyn44@example.org,ivonne3185,a32b175bd4e6404da33137734e53c5d6
00364,927664054,fernanda26@example.com,camila9276,610d317a0a034775b68c87a8f8b8a197
00365,385296797,natalia39@example.org,héctor3852,f587a4588e5246f48bf11a801bd7143c
00366,866625018,hidalgoamaya@example.org,juan8666,37a9bdd0ab4a4d31ab19453a2a3192a9
00367,986952748,eduardobrito@example.net,thiare9869,0dca238269644df2902f91e0f98e9652
00368,750691005,lbaeza@example.org,florencia7506,40ee1d0476eb45ecbc0840fe2dd217c0
00369,318510504,jocelyn44@example.org,ivonne3185,9d99a00447e347e782a5315e933cac13
00370,995877090,rcerda@example.com,félix9958,e1622e2c6c5b488da4b12d88b9c22df0
00371,907987434,maricelapino@example.com,rosa9079,d20d37611c5f44dda1ac73f3c9927ae4
00372,127514402,ngonzalez@example.com,víctor1275,f8386ca265be4c5290160d06d26c3fde
00373,990691363,lealana@example.com,hipólito9906,dc0ec9d1e6a047569107fad0ae5cd56a
00374,927664054,fernanda26@example.com,camila9276,06c90bc384b54d9fba8eb24fb5695de1
00375,128650806,ignaciahenriquez@example.org,freddy1286,bf927ade74ab47639d2cbc3c6b2fb611
00376,995877090,rcerda@example.com,félix9958,4664e10ea59346a4a762ecc0f8329e22
00377,406592227,patricioramirez@example.com,marlene4065,359cea66b9774a27a9f5312e4fa7fb79
00378,481118921,blancamoreno@example.net,alejandro4811,8003764f21dc4bc5842b59443f0d782c
00379,313084701,magdalenarocha@example.org,hernán3130,4ab429e8389440c3b900a1c9894f6c93
00380,61617612,munozsebastian@example.com,david6161,4a1e55ff777443b2a5970554ab8f1b81
00381,618818306,fernando89@example.net,francisco6188,192d03e6c4fb457cb8b4b1645094be41
00382,843379621,toledobarbara@example.org,emilia8433,68923df2af044534ad01267e2d44ceff
00383,605012833,mateofuentes@example.com,norma6050,c958834d0c3c44f4a048227e47a85158
00384,97024073K,lobossolange@example.com,david9702,512171713a394893adbb38870c06fd86
00385,251910464,zcontreras@example.org,marcela2519,d79310f0b6e2411591cc1c5f5ec1757d
00386,61617612,munozsebastian@example.com,david6161,4d29da90439e4ccba6614750d5ded403
00387,385296797,natalia39@example.org,héctor3852,f2659d5ba56f4bb2a954e605c73923a4
00388,843379621,toledobarbara@example.org,emilia8433,5516d400872b410cbf8079b9bde5f802
00389,755542326,anahiconcha@example.org,josé7555,3d9b9d9ab11e4cb7ad82a36dcb7709a2
00390,61403419K,renatomontero@example.org,benjamín6140,d77852c229144a828e42abf68b365768
00391,571600501,zavalapascual@example.org,valentina5716,c5d574ac4fdc42f7b5bce16fa56b6ad2
00392,251910464,zcontreras@example.org,marcela2519,62cbabb60c0c40a4a2cc7cb8a2df11e9
00393,467222600,agonzalez@example.org,olivia4672,9645c27f370a48ab9deab420e6c553b6
00394,84229539,guerradennis@example.org,mario8422,8cce8d4e3b5642fb9badc378eb0592dc
00395,927664054,fernanda26@example.com,camila9276,1dd6f35c2248486eabb876194a3051b3
00396,467222600,agonzalez@example.org,olivia4672,b527dc432391408ab31155fb0b13eba4
00397,995877090,rcerda@example.com,félix9958,5313878d48d14992a4cc6557e4f38993
00398,750691005,lbaeza@example.org,florencia7506,26ac9214bb05402589da28f83f16785a
00399,990691363,lealana@example.com,hipólito9906,d4ebc1f064834594b24f97c2d149bf0b
00400,251910464,zcontreras@example.org,marcela2519,a3d87fdd5b4e4a9e8e633c87aa3eed47
00401,251910464,zcontreras@example.org,marcela2519,36d6d22043b54a9a9153b6e9d05c9426
00402,990691363,lealana@example.com,hipólito9906,27be1b7fef0e40c1b6069e170c816e01
00403,338494726,jacqueline56@example.com,carmen3384,f6ff445734b74d12ba502fca0e7329f0
00404,55527679,lalvarez@example.com,fabiola5552,7fada5c3c5b3440db1c18c5cad17b8fe
00405,658674617,rodrigo22@example.org,ignacio6586,4d4b7f5b7b594c108dfbcba94a1b7fba
00406,55527679,lalvarez@example.com,fabiola5552,b54ed9bbac1d40cfab3f18428e2d94b9
00407,990691363,lealana@example.com,hipólito9906,67455d959aa24a66a196b0e9c4728cd4
00408,866625018,hidalgoamaya@example.org,juan8666,43f5a2759e0246d18fc4fe7c454fc725
00409,251910464,zcontreras@example.org,marcela2519,f04e327a6e9b4b628bd342e8601b7955
00410,97024073K,lobossolange@example.com,david9702,313c2824eff24897bebc79df6ff92401
00411,447578611,alarconricardo@example.org,mónica4475,a0a90d730baf4860afd9d7bf40a92a49
00412,481118921,blancamoreno@example.net,alejandro4811,d24e90ac6be04488b49de87f08ba4601
00413,755542326,anahiconcha@example.org,josé7555,821ff048645d47cea69070ab00b9e1d8
00414,385296797,natalia39@example.org,héctor3852,dfa00a7f4c3141dd8c0ea636b81bfe53
00415,857158210,lazcanovicente@example.org,ana8571,a4af4041039942d4b7a343cb75507517
00416,148900132,luisacastillo@example.com,clemente1489,0ab59605886c41c392a45672c1bc01d3
00417,336977762,contrerasmonica@example.net,camila3369,296ec292a2e449e08abb15b09da129f2
00418,857158210,lazcanovicente@example.org,ana8571,0ebe52ce8abd4328b188823a1c196555
